date,yield_curve_z,term_spread_z,credit_spread_z,cpi_z,t5yie_z,t10yie_z,gdp_z,vix_z,indpro_z,fed_funds_chg,unemployment_chg,dgs5_chg,dgs30_chg,yield_curve,term_spread,fed_funds,unemployment,cpi,credit_spread,indpro,vix,gdp,t5yie,t10yie,dgs5,dgs30,regime_confidence,regime_cluster,regime_label,regime_smoothed,regime_label_smoothed,regime_volatility,prior_regime,regime_shift_date
2003-02-01,1.148726868683535,0.8745495721109753,1.0346193143211282,0.3110486442969477,-0.332255186917616,-0.40852511629579497,-0.024826401924031846,1.4532400324150423,0.5807358847990116,0.020000000000000018,0.10000000000000053,-0.33000000000000007,-0.1299999999999999,2.18,2.51,1.26,5.9,3.146067415730336,3.21,3.1817124112425654,29.63,2.1065679432202167,1.75,1.94,2.69,4.9,0.988,2,Financial Crisis & ZLB,2,Financial Crisis & ZLB,0.0,None,2003-02-01
2003-03-01,1.2930628382808589,1.0096035554500074,0.81049414428956,0.24445724506474595,-0.4992633689727145,-0.760150803248357,-0.024826401924031846,1.4050723886556487,0.36297833753973896,-0.010000000000000009,0.0,0.08999999999999986,0.16999999999999993,2.32,2.69,1.25,5.9,3.025210084033625,3.04,2.1709435832793167,29.15,2.1065679432202167,1.65,1.8,2.78,5.07,0.988,2,Financial Crisis & ZLB,2,Financial Crisis & ZLB,0.1202,Financial Crisis & ZLB,2003-02-01
2003-04-01,1.3549211109654264,1.0621245489707418,0.44134680541403554,-0.22393240015002724,-0.8332797330829111,-0.9359636467246384,0.2501769773101505,0.4730007910057909,0.12309343106223498,0.010000000000000009,0.09999999999999964,0.07000000000000028,-0.07000000000000028,2.38,2.76,1.26,6.0,2.175125488008911,2.76,1.0688138922369639,21.21,3.54248669148598,1.45,1.73,2.85,5.0,0.806,2,Financial Crisis & ZLB,2,Financial Crisis & ZLB,0.2272,Financial Crisis & ZLB,2003-02-01
2003-05-01,1.004390899086211,0.6869745952512087,0.5600013071954544,-0.37874736098097783,-1.150595278987598,-1.262473213180589,0.2501769773101505,0.2242116319291241,0.02838240269422249,0.0,0.09999999999999964,-0.5500000000000003,-0.41000000000000014,2.04,2.26,1.26,6.1,1.8941504178273005,2.85,0.636921435240767,19.47,3.54248669148598,1.26,1.6,2.3,4.59,0.375,2,Financial Crisis & ZLB,2,Financial Crisis & ZLB,0.2007,Financial Crisis & ZLB,2003-02-01
2003-06-01,1.1899657171399134,0.9720885600780541,0.5072659730703795,-0.34864963322172987,-0.8332797330829111,-1.162008731194143,0.2501769773101505,0.2316513783493287,-0.1250499154509362,-0.040000000000000036,0.20000000000000018,0.16000000000000014,0.21999999999999975,2.22,2.64,1.22,6.3,1.948775055679297,2.81,-0.05887145406980876,19.52,3.54248669148598,1.45,1.64,2.46,4.81,0.948,0,Early Recovery,0,Early Recovery,0.1872,Financial Crisis & ZLB,2003-06-01
2003-07-01,1.6745221865023585,1.6398554776988228,0.20403780185119894,-0.28981445295052155,-0.332255186917616,-0.056899429343232326,0.8458559626420438,0.22718970887002785,-0.004587608658016615,-0.20999999999999996,-0.09999999999999964,0.9199999999999999,0.75,2.69,3.53,1.01,6.2,2.055555555555544,2.58,0.48700385655000566,19.49,6.652799827884248,1.75,2.08,3.38,5.56,0.919,0,Early Recovery,0,Early Recovery,0.2212,Early Recovery,2003-06-01
2003-08-01,1.4786376563345616,1.5948374832524792,0.04583179947597413,-0.20137424801163187,0.06856445001462,0.14402953462966062,0.8458559626420438,0.09643122098987983,-0.028317523173689813,0.020000000000000018,-0.10000000000000053,0.08000000000000007,-0.2599999999999998,2.5,3.47,1.03,6.1,2.216066481994461,2.46,0.37923869625795525,18.63,6.652799827884248,1.99,2.16,3.46,5.3,0.971,0,Early Recovery,0,Early Recovery,0.2053,Early Recovery,2003-06-01
2003-09-01,1.4373988078781832,1.2496995258305084,0.1908539683199299,-0.11197466956700627,-0.14854618665700767,-0.2327122728195142,0.8458559626420438,0.673587833171551,0.09504716661654196,-0.020000000000000018,0.0,-0.6099999999999999,-0.22999999999999954,2.46,3.01,1.01,6.1,2.378318584070782,2.57,0.9407289987876988,22.72,6.652799827884248,1.86,2.01,2.85,5.07,0.87,0,Early Recovery,0,Early Recovery,0.1564,Early Recovery,2003-06-01
2003-10-01,1.4580182321063724,1.5198074925085723,-0.08600653583671321,-0.2973150772155127,0.18547017745318894,0.7468164265483384,0.46092247854854757,-0.32434742456034554,0.16837985816669812,0.0,-0.09999999999999964,0.41999999999999993,0.20999999999999996,2.48,3.37,1.01,6.0,2.041942604856528,2.36,1.2759729528664998,16.1,4.642885592705248,2.06,2.4,3.27,5.28,0.991,0,Early Recovery,0,Early Recovery,0.1923,Early Recovery,2003-06-01
2003-11-01,1.2518239898244805,1.5498194888061347,-0.1255580364305191,-0.3598900864399952,0.11866690463114955,0.5207713420788344,0.46092247854854757,-0.28536367928125234,0.19262080730899195,-0.010000000000000009,-0.20000000000000018,0.10999999999999988,-0.04999999999999982,2.28,3.41,1.0,5.8,1.9283746556473913,2.33,1.387033904173962,16.32,4.642885592705248,2.02,2.31,3.38,5.23,0.993,0,Early Recovery,0,Early Recovery,0.1763,Early Recovery,2003-06-01
2003-12-01,1.4064696715358997,1.482292497136619,-0.11237420289925067,-0.3010282575447384,0.13536772283665904,0.4203068600923878,0.46092247854854757,0.04630907705429129,0.32251085547095903,-0.020000000000000018,-0.09999999999999964,-0.1299999999999999,0.0,2.43,3.32,0.98,5.7,2.0352035203520247,2.34,1.9841883950955763,18.31,4.642885592705248,2.03,2.27,3.25,5.23,0.989,0,Early Recovery,0,Early Recovery,0.1144,Early Recovery,2003-06-01
2004-01-01,1.2930628382808589,1.4222685045414938,-0.31013170586828137,-0.30594120588830703,0.35247835950828743,0.5207713420788344,0.005823630207432668,-0.23126436816235238,0.16846412357494506,0.020000000000000018,0.0,-0.08000000000000007,-0.1200000000000001,2.32,3.24,1.0,5.7,2.026286966046009,2.19,1.2763588097255418,16.63,2.266605815827738,2.16,2.31,3.17,5.11,0.973,0,Early Recovery,0,Early Recovery,0.1288,Early Recovery,2003-06-01
2004-02-01,1.3033725503949538,1.2647055239792897,-0.2837640388057439,-0.492084864701122,0.7198963600295034,0.696584185555115,0.005823630207432668,-0.6141090842303515,0.2752238775073436,0.010000000000000009,-0.10000000000000053,-0.16000000000000014,-0.10000000000000053,2.33,3.03,1.01,5.6,1.688453159041381,2.21,1.7663898756903773,14.55,2.266605815827738,2.38,2.38,3.01,5.01,0.965,0,Early Recovery,0,Early Recovery,0.136,Early Recovery,2003-06-01
2004-03-01,1.2312045655962913,1.1746695350866019,-0.17829337055559405,-0.46364103171863497,0.5695889961799151,0.696584185555115,0.005823630207432668,-0.21229622332433065,0.24477201436565393,-0.010000000000000009,0.20000000000000018,-0.20999999999999996,-0.08000000000000007,2.26,2.91,1.0,5.8,1.7400761283306032,2.29,1.626375894029275,16.74,2.266605815827738,2.29,2.38,2.8,4.93,0.973,0,Early Recovery,0,Early Recovery,0.0712,Early Recovery,2003-06-01
2004-04-01,1.1899657171399134,1.654861475847604,-0.49470537530604364,-0.15921789967025246,0.653093087207464,0.7970486675415616,0.16539656748547574,-0.13590493444767274,0.45893287806027494,0.0,-0.20000000000000018,0.8300000000000001,0.45999999999999996,2.22,3.55,1.0,5.6,2.2925764192139875,2.05,2.615123170170186,17.19,3.0998092949684697,2.34,2.42,3.63,5.39,0.978,0,Early Recovery,0,Early Recovery,0.1095,Early Recovery,2003-06-01
2004-05-01,1.0868685959989675,1.677370473070776,-0.5210730423685811,0.17423237751910034,1.0038102695231705,1.3998355594602403,0.16539656748547574,-0.4332715228304608,0.6241871922864177,0.0,0.0,0.18000000000000016,0.03000000000000025,2.12,3.58,1.0,5.6,2.8977583378895444,2.03,3.38458309862264,15.5,3.0998092949684697,2.55,2.66,3.81,5.42,0.975,0,Early Recovery,0,Early Recovery,0.1249,Early Recovery,2003-06-01
2004-06-01,0.8806743537170757,1.459783499913447,-0.4419700411809687,0.3229503566938578,0.803400451057053,1.0482098725076776,0.16539656748547574,-0.6555733432558746,0.42266906616864525,0.030000000000000027,0.0,0.0,-0.009999999999999787,1.92,3.29,1.03,5.6,3.1676679410158393,2.09,2.447031362551799,14.34,3.0998092949684697,2.43,2.52,3.81,5.41,0.97,0,Early Recovery,0,Early Recovery,0.1025,Early Recovery,2003-06-01
2004-07-01,0.77757723257613,1.279711522128071,-0.42878620764969966,0.19727323307475034,0.7699988146460333,0.9728615110178435,0.2984180694951204,-0.4667221384261257,0.4739595246400291,0.22999999999999998,-0.09999999999999964,-0.10000000000000009,-0.10000000000000053,1.82,3.05,1.26,5.5,2.939575394665228,2.1,2.6848554355043186,15.32,3.794375555172369,2.41,2.49,3.71,5.31,0.982,0,Early Recovery,0,Early Recovery,0.1009,Early Recovery,2003-06-01
2004-08-01,0.6744801114351842,0.8970585693341474,-0.31013170586828137,-0.018798159056128777,0.5361873597688954,0.6212358240652808,0.2984180694951204,-0.4723330885741289,0.5371162557427438,0.16999999999999993,-0.09999999999999964,-0.3799999999999999,-0.2999999999999998,1.72,2.54,1.43,5.4,2.5474254742547275,2.19,2.9784524146032165,15.29,3.794375555172369,2.27,2.35,3.33,5.01,0.269,0,Early Recovery,0,Early Recovery,0.0979,Early Recovery,2003-06-01
2004-09-01,0.4579761570391979,0.8145255795158503,-0.41560237411843126,-0.02334795016766186,0.6363922690019546,0.671468065058504,0.2984180694951204,-0.861146475412452,0.4230517660926889,0.18000000000000016,0.0,0.04999999999999982,-0.040000000000000036,1.51,2.43,1.61,5.4,2.5391680172879516,2.11,2.448803847620762,13.34,3.794375555172369,2.33,2.37,3.38,4.97,0.28,0,Early Recovery,0,Early Recovery,0.0558,Early Recovery,2003-06-01
2004-10-01,0.43735673281100873,0.596938606358521,-0.4419700411809687,0.3357587488440442,0.9036053602901121,0.7970486675415616,0.3532795523686774,-0.29417996337817703,0.5837448815184758,0.1499999999999999,0.09999999999999964,-0.08000000000000007,-0.09999999999999964,1.49,2.14,1.76,5.5,3.1909140075716547,2.09,3.1957484615569243,16.27,4.080832514483834,2.49,2.42,3.3,4.87,0.264,4,Inflation Shock,0,Early Recovery,0.0515,Early Recovery,2003-06-01
2004-11-01,0.2827110510995901,0.5894356072841302,-0.6265437106187307,0.5730751141558721,1.354527451838877,1.2742549569771817,0.3532795523686774,-0.8824870141814032,0.4907880994671951,0.16999999999999993,-0.09999999999999964,0.4200000000000004,0.20000000000000018,1.34,2.13,1.93,5.4,3.621621621621607,1.95,2.763005391785356,13.24,4.080832514483834,2.76,2.61,3.72,5.07,0.265,4,Inflation Shock,0,Early Recovery,0.0776,Early Recovery,2003-06-01
2004-12-01,0.09713623304588744,0.506902617465833,-0.7451982124001489,0.41918114045585103,1.1541176333727594,1.1486743544941243,0.3532795523686774,-0.8717980773876263,0.6598002286685714,0.2300000000000002,0.0,-0.0900000000000003,-0.20999999999999996,1.16,2.02,2.16,5.4,3.3423180592991875,1.86,3.551152067738861,13.29,4.080832514483834,2.64,2.56,3.63,4.86,0.962,1,Late-Cycle Expansion,1,Late-Cycle Expansion,0.1212,Early Recovery,2004-12-01
2005-01-01,-0.22246484249104456,0.21428565356459717,-0.8902203812441051,0.14509346328801775,1.0539127241397004,0.9728615110178435,0.4215786489271302,-0.9737847256772004,0.7055810412267298,0.11999999999999966,-0.10000000000000053,0.08000000000000007,-0.2400000000000002,0.85,1.63,2.28,5.3,2.8448738593666034,1.75,3.7656681883018184,12.82,4.437453416783299,2.58,2.49,3.71,4.62,0.991,1,Late-Cycle Expansion,1,Late-Cycle Expansion,0.1676,Late-Cycle Expansion,2004-12-01
2005-02-01,-0.30494253940380117,0.19177665634142532,-1.1011617177444044,0.2597837219518341,1.454732361071936,1.3998355594602403,0.4215786489271302,-1.1416090316113656,0.7325382263580164,0.2200000000000002,0.10000000000000053,0.29000000000000004,0.08999999999999986,0.77,1.6,2.5,5.4,3.0530262453133394,1.59,3.8921878697906642,12.08,4.437453416783299,2.82,2.66,4.0,4.71,0.991,1,Late-Cycle Expansion,1,Late-Cycle Expansion,0.2012,Late-Cycle Expansion,2004-12-01
2005-03-01,-0.3771105242024633,0.27430964615972253,-1.035242550088061,0.34453453514215915,1.5382364520994856,1.525416161943298,0.4215786489271302,-0.7198613745200086,0.7913094918620388,0.1299999999999999,-0.20000000000000018,0.17999999999999972,0.04999999999999982,0.7,1.71,2.63,5.2,3.2068412613575736,1.64,4.168552298887196,14.02,4.437453416783299,2.87,2.71,4.18,4.76,0.989,1,Late-Cycle Expansion,1,Late-Cycle Expansion,0.1904,Late-Cycle Expansion,2004-12-01
2005-04-01,-0.531756205913882,-0.02581031681590386,-0.8770365477128363,0.42991164905807255,1.3044249972223478,1.2491388364805707,-0.05088619392254425,-0.46859130829471307,0.7568571789162477,0.16000000000000014,0.0,-0.2799999999999998,-0.22999999999999954,0.55,1.31,2.79,5.2,3.3617929562433257,1.76,4.006456472613795,15.31,1.9704978192429223,2.73,2.6,3.9,4.53,0.99,1,Late-Cycle Expansion,1,Late-Cycle Expansion,0.1338,Late-Cycle Expansion,2004-12-01
2005-05-01,-0.6864018876253007,-0.25090028904762374,-0.6924628782750744,0.15854544999724793,0.8702037238790924,0.671468065058504,-0.05088619392254425,-0.8717980773876263,0.6175307432911227,0.20999999999999996,-0.10000000000000053,-0.14000000000000012,-0.16999999999999993,0.4,1.01,3.0,5.1,2.869287991498415,1.9,3.3534790649275337,13.29,1.9704978192429223,2.47,2.37,3.76,4.36,0.956,1,Late-Cycle Expansion,1,Late-Cycle Expansion,0.1203,Late-Cycle Expansion,2004-12-01
2005-06-01,-0.8101184329944358,-0.4009602705354369,-0.7320143788688802,-0.022323666804384985,0.6029906325909348,0.4203068600923878,-0.05088619392254425,-1.150949163093855,0.8900925022750386,0.040000000000000036,-0.09999999999999964,-0.03999999999999959,-0.16999999999999993,0.28,0.81,3.04,5.0,2.541026998411855,1.87,4.6347083589064475,12.04,1.9704978192429223,2.31,2.27,3.72,4.19,0.985,1,Late-Cycle Expansion,1,Late-Cycle Expansion,0.1222,Late-Cycle Expansion,2004-12-01
2005-07-01,-0.8307378572226249,-0.3634452751634837,-0.9956910494942549,0.267571433150959,0.6196914507964443,0.6463519445618918,0.17218525357001058,-1.2628936926483378,0.6552487941652116,0.21999999999999975,0.0,0.3999999999999999,0.22999999999999954,0.26,0.86,3.26,5.0,3.067160232681121,1.67,3.5298493345260917,11.57,3.1352561380291633,2.32,2.36,4.12,4.42,0.99,1,Late-Cycle Expansion,1,Late-Cycle Expansion,0.1267,Late-Cycle Expansion,2004-12-01
2005-08-01,-0.9132155541353817,-0.6335532418415475,-0.8638527141815676,0.5870222811305306,0.8201012692625624,0.671468065058504,0.17218525357001058,-1.0227209413358,0.712386470702184,0.2400000000000002,-0.09999999999999964,-0.25,-0.1899999999999995,0.18,0.5,3.5,4.9,3.6469344608879517,1.77,3.797594088074363,12.6,3.1352561380291633,2.44,2.37,3.87,4.23,0.989,1,Late-Cycle Expansion,1,Late-Cycle Expansion,0.1038,Late-Cycle Expansion,2004-12-01
2005-09-01,-0.9338349783635707,-0.41596626868421827,-0.8111173800564926,1.1903026829507442,1.2877241790168383,1.1486743544941243,0.17218525357001058,-1.1791424351967896,0.2515328705564834,0.1200000000000001,0.09999999999999964,0.3099999999999996,0.2999999999999998,0.16,0.79,3.62,5.0,4.741833508956805,1.81,1.6574450087309733,11.92,3.1352561380291633,2.72,2.56,4.18,4.53,0.978,1,Late-Cycle Expansion,1,Late-Cycle Expansion,0.0829,Late-Cycle Expansion,2004-12-01
2005-10-01,-0.9235252662494761,-0.5660262501720316,-0.7847497129939551,0.9744633868918898,1.1541176333727594,1.1737904749907353,-0.0027064877121537423,-0.4667221384261257,0.3304738298099132,0.1599999999999997,0.0,0.27000000000000046,0.20000000000000018,0.17,0.59,3.78,5.0,4.350104821802936,1.83,2.0209103457029087,15.32,2.222066158606939,2.64,2.57,4.45,4.73,0.978,1,Late-Cycle Expansion,1,Late-Cycle Expansion,0.0816,Late-Cycle Expansion,2004-12-01
2005-11-01,-1.0266223873904219,-0.6035412455439848,-0.7056467118063431,0.41710487006617486,0.6697939054129742,0.671468065058504,-0.0027064877121537423,-1.1462755214968925,0.5228526036278692,0.2200000000000002,0.0,-0.03000000000000025,-0.07000000000000028,0.07,0.54,4.0,5.0,3.3385498174230532,1.89,2.9120723180627417,12.06,2.222066158606939,2.35,2.37,4.42,4.66,0.943,1,Late-Cycle Expansion,1,Late-Cycle Expansion,0.0794,Late-Cycle Expansion,2004-12-01
2005-12-01,-1.1194097964172733,-0.77611022425497,-0.7979335465252239,0.41710487006617486,0.5862898143854246,0.5710035830720576,-0.0027064877121537423,-1.143941383958424,0.46125743373875133,0.16000000000000014,-0.09999999999999964,-0.07000000000000028,-0.15000000000000036,-0.02,0.31,4.16,4.9,3.3385498174230532,1.82,2.6259073757150198,12.07,2.222066158606939,2.3,2.33,4.35,4.51,0.99,1,Late-Cycle Expansion,1,Late-Cycle Expansion,0.0739,Late-Cycle Expansion,2004-12-01
2006-01-01,-1.1091000843031786,-0.9636852011147364,-0.8506688806502989,0.7919111638749895,1.0539127241397004,1.0733259930042889,0.6023866830219455,-0.9452327295038545,0.4167196019185404,0.1299999999999999,-0.20000000000000018,0.1200000000000001,0.1800000000000006,-0.01,0.06,4.29,4.7,4.018789144050117,1.78,2.4194801632455576,12.95,5.381535073949895,2.58,2.53,4.47,4.69,0.986,1,Late-Cycle Expansion,1,Late-Cycle Expansion,0.0427,Late-Cycle Expansion,2004-12-01
2006-02-01,-1.2431263417864082,-1.0612241890818153,-1.0220587165567925,0.5822392190060358,1.220920906194799,1.0733259930042889,0.6023866830219455,-1.0815856599960774,0.26606015776262965,0.20000000000000018,0.09999999999999964,0.14000000000000057,-0.1800000000000006,-0.14,-0.07,4.49,4.8,3.63825363825363,1.65,1.7242361205308532,12.34,5.381535073949895,2.68,2.53,4.61,4.51,0.985,1,Late-Cycle Expansion,1,Late-Cycle Expansion,0.0804,Late-Cycle Expansion,2004-12-01
2006-03-01,-1.0575515237327058,-0.8361342168500953,-0.9693233824317175,0.4608361857599697,1.0539127241397004,1.0230937520110654,0.6023866830219455,-1.3068783572451423,0.3457819276891434,0.09999999999999964,-0.09999999999999964,0.20999999999999996,0.39000000000000057,0.04,0.23,4.59,4.7,3.4179181771103018,1.69,2.091541760329152,11.39,5.381535073949895,2.58,2.51,4.82,4.9,0.985,1,Late-Cycle Expansion,1,Late-Cycle Expansion,0.0907,Late-Cycle Expansion,2004-12-01
2006-04-01,-0.8925961299071925,-0.7836132233293607,-0.9956910494942549,0.568785206012937,1.2042200879892886,1.4500678004534635,-0.23004815694188166,-1.2580454395681289,0.36528832647926257,0.20000000000000018,0.0,0.09999999999999964,0.2699999999999996,0.2,0.3,4.79,4.7,3.613835828600931,1.67,2.1816142662632876,11.59,1.03501105398216,2.67,2.68,4.92,5.17,0.992,1,Late-Cycle Expansion,1,Late-Cycle Expansion,0.0953,Late-Cycle Expansion,2004-12-01
2006-05-01,-1.0163126752763274,-0.8136252196269232,-1.0088748830255236,0.7690359584943902,1.220920906194799,1.349603318467017,-0.23004815694188166,-0.2643080107423495,0.35100813063151315,0.15000000000000036,-0.10000000000000053,0.1200000000000001,0.040000000000000036,0.08,0.26,4.94,4.6,3.9772727272727293,1.66,2.1156664964513183,16.44,1.03501105398216,2.68,2.64,5.04,5.21,0.988,1,Late-Cycle Expansion,1,Late-Cycle Expansion,0.0708,Late-Cycle Expansion,2004-12-01
2006-06-01,-1.1091000843031786,-0.9036612085196113,-0.9956910494942549,0.8816871081954238,1.1374168151672492,1.2742549569771817,-0.23004815694188166,-0.9169455790657458,0.32167588736141006,0.04999999999999982,0.0,0.05999999999999961,-0.019999999999999574,-0.01,0.14,4.99,4.6,4.1817243159525175,1.67,1.9803386251444621,13.08,1.03501105398216,2.63,2.61,5.1,5.19,0.981,1,Late-Cycle Expansion,1,Late-Cycle Expansion,0.0476,Late-Cycle Expansion,2004-12-01
2006-07-01,-1.078170947960895,-1.091236185379378,-0.9825072159629862,0.8392302942839084,0.987109451317661,1.1989065954873475,-0.3133940930506561,-0.5366560182237355,0.3804840818264502,0.25,0.10000000000000053,-0.1899999999999995,-0.1200000000000001,0.02,-0.11,5.24,4.7,4.104669061056954,1.68,2.251836527383766,14.95,0.5998237025262476,2.54,2.58,4.91,5.07,0.988,1,Late-Cycle Expansion,1,Late-Cycle Expansion,0.0141,Late-Cycle Expansion,2004-12-01
2006-08-01,-1.150338932759557,-1.241296166867191,-0.9165880483066425,0.7410981120453776,0.8201012692625624,0.9979776315144545,-0.3133940930506561,-1.0884514427351437,0.405376154574811,0.009999999999999787,0.0,-0.20999999999999996,-0.1900000000000004,-0.05,-0.31,5.25,4.7,3.926568077511483,1.73,2.3669704568583194,12.31,0.5998237025262476,2.44,2.5,4.7,4.88,0.99,1,Late-Cycle Expansion,1,Late-Cycle Expansion,0.025,Late-Cycle Expansion,2004-12-01
2006-09-01,-1.1709583569877462,-1.196278172420847,-0.9297718818379113,-0.31377329621019767,0.5027857233578757,0.671468065058504,-0.3133940930506561,-1.1650132182063695,0.8013687288096981,0.0,-0.20000000000000018,-0.11000000000000032,-0.11000000000000032,-0.07,-0.25,5.25,4.5,2.012072434607637,1.72,4.2159275134967755,11.98,0.5998237025262476,2.25,2.37,4.59,4.77,0.991,1,Late-Cycle Expansion,1,Late-Cycle Expansion,0.0293,Late-Cycle Expansion,2004-12-01
2006-10-01,-1.2018874933300299,-1.3613441520574416,-1.035242550088061,-0.6475332516101449,0.25227345027522835,0.4203068600923878,0.23012750495393894,-1.3791046535137141,0.509098261097564,0.0,-0.09999999999999964,-0.019999999999999574,-0.04999999999999982,-0.1,-0.47,5.25,4.4,1.4063284781516971,1.64,2.8481025781383007,11.1,3.4377992024475112,2.1,2.27,4.57,4.72,0.974,1,Late-Cycle Expansion,1,Late-Cycle Expansion,0.035,Late-Cycle Expansion,2004-12-01
2006-11-01,-1.2637457660145972,-1.4363741428013481,-1.035242550088061,-0.3376696780710114,0.48608490515236624,0.49565522158222214,0.23012750495393894,-1.427370101128578,0.25256001508153325,0.0,0.09999999999999964,-0.1200000000000001,-0.16000000000000014,-0.16,-0.57,5.25,4.5,1.9687026754164672,1.64,1.6621660136106442,10.91,3.4377992024475112,2.24,2.3,4.45,4.56,0.98,1,Late-Cycle Expansion,1,Late-Cycle Expansion,0.0385,Late-Cycle Expansion,2004-12-01
2006-12-01,-1.2121972054441246,-1.241296166867191,-1.035242550088061,-0.03171764145948143,0.5194865415633853,0.49565522158222214,0.23012750495393894,-1.2653207127088975,0.36293285598290276,-0.009999999999999787,-0.09999999999999964,0.25,0.25,-0.11,-0.31,5.24,4.4,2.5239777889954462,1.64,2.1707334984272686,11.56,3.4377992024475112,2.26,2.3,4.7,4.81,0.988,1,Late-Cycle Expansion,1,Late-Cycle Expansion,0.0418,Late-Cycle Expansion,2004-12-01
2007-01-01,-1.2121972054441246,-1.2262901687184098,-1.1275293848069419,-0.27867911655134475,0.7866996328515428,0.8221647880381737,-0.19780972951068804,-1.555488364925002,0.2531038386542658,0.009999999999999787,0.1999999999999993,0.1200000000000001,0.1200000000000001,-0.11,-0.29,5.25,4.6,2.075765178123423,1.57,1.6646656462990128,10.42,1.2033426668225822,2.42,2.43,4.82,4.93,0.991,1,Late-Cycle Expansion,1,Late-Cycle Expansion,0.0596,Late-Cycle Expansion,2004-12-01
2007-02-01,-1.1915777812159354,-1.4588831400245201,-1.0879778842131358,-0.0888648620701918,0.7532979964405231,0.6463519445618918,-0.19780972951068804,-0.4480931828462093,0.45122303127371494,0.009999999999999787,-0.09999999999999964,-0.3000000000000007,-0.25,-0.09,-0.6,5.26,4.5,2.420260782347028,1.6,2.5793632616832207,15.42,1.2033426668225822,2.4,2.36,4.52,4.68,0.987,1,Late-Cycle Expansion,1,Late-Cycle Expansion,0.0505,Late-Cycle Expansion,2004-12-01
2007-03-01,-1.0266223873904219,-1.3013201594623163,-0.8902203812441051,0.11937505939782825,0.9370069967011311,0.8472809085347848,-0.19780972951068804,-0.5965098337774212,0.44074927239211564,0.0,-0.09999999999999964,0.020000000000000462,0.16000000000000014,0.07,-0.39,5.26,4.4,2.798197295943927,1.75,2.5308035115800154,14.64,1.2033426668225822,2.51,2.44,4.54,4.84,0.992,1,Late-Cycle Expansion,1,Late-Cycle Expansion,0.061,Late-Cycle Expansion,2004-12-01
2007-04-01,-1.0678612358468003,-1.2187871696440191,-0.9825072159629862,0.0062715763165376495,0.8368020874680727,0.8221647880381737,0.04038141020524586,-0.6795228161794222,0.521891685493104,-0.009999999999999787,0.09999999999999964,-0.03000000000000025,-0.03000000000000025,0.03,-0.28,5.25,4.5,2.5929247633283525,1.68,2.9076019270608766,14.22,2.447047831978555,2.45,2.43,4.51,4.81,0.992,1,Late-Cycle Expansion,1,Late-Cycle Expansion,0.0631,Late-Cycle Expansion,2004-12-01
2007-05-01,-1.1194097964172733,-0.8811522112964393,-1.0879778842131358,0.07071611733659153,0.6363922690019546,0.6463519445618918,0.04038141020524586,-0.9234501329966833,0.5374161557917547,0.0,-0.09999999999999964,0.35000000000000053,0.20000000000000018,-0.02,0.17,5.25,4.4,2.709885742672613,1.6,2.9798485426711263,13.05,2.447047831978555,2.33,2.36,4.86,5.01,0.992,1,Late-Cycle Expansion,1,Late-Cycle Expansion,0.066,Late-Cycle Expansion,2004-12-01
2007-06-01,-0.9338349783635707,-0.8511402149988766,-1.1011617177444044,0.061282791242469756,0.6363922690019546,0.696584185555115,0.04038141020524586,-0.30125138810069885,0.4802443290497667,0.0,0.1999999999999993,0.05999999999999961,0.11000000000000032,0.16,0.21,5.25,4.6,2.692765113974227,1.59,2.7140344521729087,16.23,2.447047831978555,2.33,2.38,4.92,5.12,0.99,1,Late-Cycle Expansion,1,Late-Cycle Expansion,0.0691,Late-Cycle Expansion,2004-12-01
2007-07-01,-0.8719767056790033,-1.1437571789001124,-0.7583820459314177,-0.14527000096995124,0.36917917771379694,0.5961197035686686,0.01300502743451796,0.7747430621745144,0.4650364898582419,0.009999999999999787,0.10000000000000053,-0.3200000000000003,-0.20000000000000018,0.22,-0.18,5.26,4.7,2.3178905864958077,1.85,2.6434417747193573,23.52,2.30410318384493,2.17,2.34,4.6,4.92,0.937,1,Late-Cycle Expansion,1,Late-Cycle Expansion,0.1046,Late-Cycle Expansion,2004-12-01
2007-08-01,-0.6967115997393953,-0.6110442446183755,-0.49470537530604364,-0.3769301563599641,0.0351628136036003,0.2444940166161071,0.01300502743451796,0.7572813753518722,0.4107301076724272,-0.2400000000000002,-0.10000000000000053,-0.34999999999999964,-0.08999999999999986,0.39,0.53,5.02,4.6,1.897448478900876,2.05,2.3917510021752353,23.38,2.30410318384493,1.97,2.2,4.25,4.83,0.26,3,Moderate Expansion,1,Late-Cycle Expansion,0.1749,Late-Cycle Expansion,2004-12-01
2007-09-01,-0.45958822111521996,-0.4309722668329996,-0.560624542962387,0.1390064202395983,0.26897426848073785,0.5458874625754454,0.01300502743451796,-0.003045206601006409,0.49662396930847125,-0.07999999999999918,0.10000000000000053,-0.019999999999999574,0.0,0.62,0.77,4.94,4.7,2.8338264299802685,2.0,2.7901202497425004,18.0,2.30410318384493,2.11,2.32,4.23,4.83,0.271,3,Moderate Expansion,1,Late-Cycle Expansion,0.2017,Late-Cycle Expansion,2004-12-01
2007-10-01,-0.5420659180279765,-0.6035412455439848,-0.5738083764936558,0.5670564895737472,0.5194865415633853,0.5961197035686686,0.053002231480926434,0.08085636310495942,0.459537538754302,-0.1800000000000006,0.0,-0.07000000000000028,-0.08999999999999986,0.54,0.54,4.76,4.7,3.610698365527476,1.99,2.6179282370540014,18.53,2.5129469272505034,2.26,2.34,4.16,4.74,0.384,4,Inflation Shock,4,Inflation Shock,0.206,Late-Cycle Expansion,2007-10-01
2007-11-01,-0.1399871455782878,-0.3934572714610463,0.059015633007243155,0.9872257372709647,0.48608490515236624,0.5961197035686686,0.053002231480926434,0.6928117918428706,0.5865353868064399,-0.2699999999999996,0.0,-0.75,-0.33999999999999986,0.93,0.82,4.49,4.7,4.373267326732666,2.47,3.2087670061424323,22.87,2.5129469272505034,2.24,2.34,3.41,4.4,0.716,4,Inflation Shock,4,Inflation Shock,0.2876,Inflation Shock,2007-10-01
2007-12-01,-0.07812887289372039,-0.49849925850251553,0.12493480066358653,0.8415137868971274,0.5361873597688954,0.5207713420788344,0.053002231480926434,0.6451716546735969,0.3699123926495934,-0.25,0.2999999999999998,0.040000000000000036,0.04999999999999982,0.99,0.68,4.24,5.0,4.108813392417532,2.52,2.2029778334589523,22.5,2.5129469272505034,2.27,2.31,3.45,4.45,0.347,4,Inflation Shock,4,Inflation Shock,0.2783,Inflation Shock,2007-10-01
2008-01-01,0.4476664449251033,0.27430964615972253,0.7050234760394102,0.9439333902020368,0.3357775413027772,0.5961197035686686,-0.7552018676489216,1.091066420995039,0.4155777157170911,-0.30000000000000027,0.0,-0.6300000000000003,-0.10000000000000053,1.5,1.71,3.94,5.0,4.294695655165981,2.96,2.4141930753466267,26.2,-1.7070572835979014,2.15,2.34,2.82,4.35,0.55,4,Inflation Shock,4,Inflation Shock,0.3887,Inflation Shock,2007-10-01
2008-02-01,0.8394355052606973,0.2518006489365505,1.0478031478523973,0.8603278859266006,0.5862898143854246,0.8221647880381737,-0.7552018676489216,1.1289495236285092,0.1212258154171687,-0.96,-0.09999999999999964,-0.31999999999999984,0.0600000000000005,1.88,1.68,2.98,4.9,4.142959270611968,3.22,1.0602796518591306,26.54,-1.7070572835979014,2.3,2.43,2.5,4.41,0.615,4,Inflation Shock,4,Inflation Shock,0.4974,Inflation Shock,2007-10-01
2008-03-01,0.7878869446902246,0.5444176128377862,1.351031319071578,0.767730561308691,0.4025808141248166,0.5961197035686686,-0.7552018676489216,1.0241901181374948,0.014424260622530563,-0.3700000000000001,0.1999999999999993,-0.040000000000000036,-0.11000000000000032,1.83,2.07,2.61,5.1,3.9749035501344343,3.45,0.5734255066876637,25.61,-1.7070572835979014,2.19,2.34,2.46,4.3,0.448,2,Financial Crisis & ZLB,2,Financial Crisis & ZLB,0.5407,Inflation Shock,2008-03-01
2008-04-01,0.42704702069691414,0.7469985878463341,0.8895971454771725,0.7285315860307473,0.5194865415633853,0.4203068600923878,0.02786866419986702,0.4147803304715907,-0.2768929766971492,-0.33000000000000007,-0.09999999999999964,0.5699999999999998,0.1900000000000004,1.48,2.34,2.28,5.0,3.9037609759888126,3.1,-0.7427676334748168,20.79,2.3817130472517434,2.26,2.27,3.03,4.49,0.964,2,Financial Crisis & ZLB,2,Financial Crisis & ZLB,0.3901,Financial Crisis & ZLB,2008-03-01
2008-05-01,0.3445693237841574,0.6194476035816929,0.7577588101644851,0.8302737914088936,0.7532979964405231,0.9477453905212312,0.02786866419986702,-0.030453458381005345,-0.4323876124493767,-0.2999999999999998,0.40000000000000036,0.38000000000000034,0.22999999999999954,1.4,2.17,1.98,5.4,4.088413823123993,3.0,-1.4383086308347726,17.83,2.3817130472517434,2.4,2.48,3.41,4.72,0.593,2,Financial Crisis & ZLB,2,Financial Crisis & ZLB,0.3106,Financial Crisis & ZLB,2008-03-01
2008-06-01,0.3033304753277793,0.5594236109865676,0.8236779778208285,1.2972681528045482,1.1374168151672492,1.0230937520110654,0.02786866419986702,0.8277586174764335,-0.4967820586333566,0.020000000000000018,0.1999999999999993,-0.07000000000000028,-0.1899999999999995,1.36,2.09,2.0,5.6,4.935966105947864,3.05,-1.724935725071297,23.95,2.3817130472517434,2.63,2.51,3.34,4.53,0.807,4,Inflation Shock,2,Financial Crisis & ZLB,0.1809,Financial Crisis & ZLB,2008-03-01
2008-07-01,0.41673730858281954,0.7244895906231622,1.0478031478523973,1.6066753812279075,0.35247835950828743,0.5961197035686686,-0.8306549070660308,0.7017416680484684,-0.5494035125829286,0.009999999999999787,0.20000000000000018,-0.08999999999999986,0.05999999999999961,1.47,2.31,2.01,5.8,5.497512078341837,3.22,-1.9585471027037116,22.94,-2.101032202067543,2.16,2.34,3.25,4.59,0.935,2,Financial Crisis & ZLB,2,Financial Crisis & ZLB,0.1622,Financial Crisis & ZLB,2008-03-01
2008-08-01,0.41673730858281954,0.5744296091353489,1.140089982571278,1.5022652354522033,-0.09844373204047849,0.11891341413304844,-0.8306549070660308,0.39512385927089755,-0.9417878793795211,-0.009999999999999787,0.2999999999999998,-0.1499999999999999,-0.16000000000000014,1.47,2.11,2.0,6.1,5.308017162091239,3.29,-3.6832804845724265,20.65,-2.101032202067543,1.89,2.15,3.1,4.43,0.525,4,Inflation Shock,2,Financial Crisis & ZLB,0.1686,Financial Crisis & ZLB,2008-03-01
2008-09-01,0.8085063689184138,1.1896755332353832,2.0761421632913573,1.306829937397771,-1.6349190069473831,-1.262473213180589,-0.8306549070660308,2.29675275378835,-1.98643438703842,-0.18999999999999995,0.0,-0.1200000000000001,-0.1200000000000001,1.85,2.93,1.81,6.1,4.953319875136075,4.0,-8.130031129578574,39.39,-2.101032202067543,0.97,1.6,2.98,4.31,0.951,2,Financial Crisis & ZLB,2,Financial Crisis & ZLB,0.3703,Financial Crisis & ZLB,2008-03-01
2008-10-01,1.427089095764089,1.654861475847604,4.093268693575472,0.633373601081431,-4.858176920610781,-3.0959500094332353,-2.1052171972540363,3.5485527790664726,-1.7054456052335034,-0.8400000000000001,0.40000000000000036,-0.18000000000000016,0.040000000000000036,2.45,3.55,0.97,6.5,3.7310578899565128,5.53,-6.954317961916079,59.89,-8.756106381192463,-0.96,0.87,2.8,4.35,0.994,2,Financial Crisis & ZLB,2,Financial Crisis & ZLB,0.9745,Financial Crisis & ZLB,2008-03-01
2008-11-01,0.8909840658311703,1.1821725341609925,4.844747204857788,-0.8163632054528248,-6.99588165091604,-4.452220516250262,-2.1052171972540363,3.3386563185461604,-2.1166362498430105,-0.58,0.2999999999999998,-0.8699999999999999,-0.8999999999999995,1.93,2.92,0.39,6.8,1.0999174706166848,6.1,-8.669827230747885,55.84,-8.756106381192463,-2.24,0.33,1.93,3.45,0.987,2,Financial Crisis & ZLB,2,Financial Crisis & ZLB,1.3061,Financial Crisis & ZLB,2008-03-01
2008-12-01,0.43735673281100873,0.596938606358521,4.475599865982265,-1.4346561641955267,-3.6891196462250924,-5.004775167175716,-2.1052171972540363,2.3424650197764376,-2.7562125495423624,-0.23,0.5,-0.3799999999999999,-0.7600000000000002,1.49,2.14,0.16,7.3,-0.02222800255385904,5.82,-11.276192783181926,40.0,-8.756106381192463,-0.26,0.11,1.55,2.69,0.956,2,Financial Crisis & ZLB,2,Financial Crisis & ZLB,1.3086,Financial Crisis & ZLB,2008-03-01
2009-01-01,0.8909840658311703,0.9645855610036632,3.895511190606441,-1.4849936825098258,-2.6202672810724636,-2.4178147560247227,-1.2976633033392189,2.6827491347436725,-3.2847813965230817,-0.010000000000000009,0.5,0.30000000000000004,0.8900000000000001,1.93,2.63,0.15,7.8,-0.11358601902212717,5.38,-13.374567704176643,44.84,-4.539497189929209,0.38,1.14,1.85,3.58,0.991,2,Financial Crisis & ZLB,2,Financial Crisis & ZLB,1.1162,Financial Crisis & ZLB,2008-03-01
2009-02-01,0.9837714748580216,1.0621245489707418,3.684569854106141,-1.4177455958194014,-2.2862509169622665,-2.8699049249637314,-1.2976633033392189,2.781584297062986,-3.3327953595152975,0.07,0.5000000000000009,0.1399999999999999,0.1299999999999999,2.02,2.76,0.22,8.3,0.008463140671510772,5.22,-13.562730377303279,46.35,-4.539497189929209,0.58,0.96,1.99,3.71,0.99,2,Financial Crisis & ZLB,2,Financial Crisis & ZLB,0.7288,Financial Crisis & ZLB,2008-03-01
2009-03-01,0.8600549294888865,0.8670465730365847,4.370129197732115,-1.6684148586602137,-2.0357386438796192,-2.06618906907216,-1.2976633033392189,2.635821732988391,-3.61383759646998,-0.04000000000000001,0.3999999999999986,-0.32000000000000006,-0.1499999999999999,1.9,2.5,0.18,8.7,-0.4464787676623838,5.74,-14.656035046526473,44.14,-4.539497189929209,0.73,1.28,1.67,3.56,0.991,2,Financial Crisis & ZLB,2,Financial Crisis & ZLB,0.3193,Financial Crisis & ZLB,2008-03-01
2009-04-01,1.220894853482197,1.257202524904899,3.499996184668379,-1.7399587513098491,-1.8854312800300308,-1.5889827796365399,-0.5651297891603836,2.0703501672739586,-3.6547271191295763,-0.03,0.3000000000000007,0.3500000000000001,0.48999999999999977,2.25,3.02,0.15,9.0,-0.5763244243767063,5.08,-14.81395936696125,36.5,-0.7146038025404255,0.82,1.47,2.02,4.05,0.99,2,Financial Crisis & ZLB,2,Financial Crisis & ZLB,0.3924,Financial Crisis & ZLB,2008-03-01
2009-05-01,1.5301862169050344,1.4897954962110096,2.4584733356981503,-1.9820849761191661,-0.9835870969324993,-0.760150803248357,-0.5651297891603836,1.381719631773611,-3.744679987891735,0.03,0.40000000000000036,0.31999999999999984,0.29000000000000004,2.55,3.33,0.18,9.4,-1.015761495855172,4.29,-15.160361194166793,28.92,-0.7146038025404255,1.36,1.8,2.34,4.34,0.995,2,Financial Crisis & ZLB,2,Financial Crisis & ZLB,0.5537,Financial Crisis & ZLB,2008-03-01
2009-06-01,1.3961599594218048,1.4972984952854003,1.6015241561656834,-2.0996738574279594,-1.016988733343519,-0.8857314057314152,-0.5651297891603836,1.1078375936694171,-3.7764781946920722,0.03,0.09999999999999964,0.20000000000000018,-0.019999999999999574,2.42,3.34,0.21,9.5,-1.2291746182109153,3.64,-15.282480369076357,26.35,-0.7146038025404255,1.34,1.75,2.54,4.32,0.995,2,Financial Crisis & ZLB,2,Financial Crisis & ZLB,0.7785,Financial Crisis & ZLB,2008-03-01
2009-07-01,1.3652308230795214,1.4972984952854003,0.9027809790084409,-2.5016699762612857,-1.0503903697545387,-0.7350346827517454,-0.1592329771338861,1.0595112927126322,-3.4495815365763467,-0.04999999999999999,0.0,-0.010000000000000231,-0.010000000000000675,2.39,3.34,0.16,9.5,-1.9587610037622771,3.11,-14.018720654921957,25.92,1.4047695807001936,1.32,1.81,2.53,4.31,0.995,2,Financial Crisis & ZLB,2,Financial Crisis & ZLB,1.0107,Financial Crisis & ZLB,2008-03-01
2009-08-01,1.4064696715358997,1.4297715036158842,0.7313911431019476,-2.23998995266817,-1.3844067338647355,-1.162008731194143,-0.1592329771338861,1.0696896648191159,-2.859287580548855,0.0,0.09999999999999964,-0.13999999999999968,-0.1299999999999999,2.43,3.25,0.16,9.6,-1.4838355663267633,2.98,-11.689299172061052,26.01,1.4047695807001936,1.12,1.64,2.39,4.18,0.995,2,Financial Crisis & ZLB,2,Financial Crisis & ZLB,1.1066,Financial Crisis & ZLB,2008-03-01
2009-09-01,1.3343016867372373,1.369747511020759,0.5731851407267229,-2.1816439409568966,-0.9668862787269895,-0.8857314057314152,-0.1592329771338861,1.0241901181374948,-1.670219573790575,-0.010000000000000009,0.20000000000000107,-0.08000000000000007,-0.14999999999999947,2.36,3.17,0.15,9.8,-1.377942862886472,2.86,-6.805879122929537,25.61,1.4047695807001936,1.37,1.75,2.31,4.03,0.995,2,Financial Crisis & ZLB,2,Financial Crisis & ZLB,0.8739,Financial Crisis & ZLB,2008-03-01
2009-10-01,1.488947368448656,1.5123044934341816,0.5731851407267229,-1.5458134114526834,-0.5660666417947535,-0.2578283933161253,0.399784199689932,1.5569895626145536,-1.8293332874693908,-0.03,0.1999999999999993,0.0,0.20000000000000018,2.51,3.36,0.12,10.0,-0.22396829420033848,2.86,-7.474512230012276,30.69,4.323654603274285,1.61,2.0,2.31,4.23,0.987,2,Financial Crisis & ZLB,2,Financial Crisis & ZLB,0.5694,Financial Crisis & ZLB,2008-03-01
2009-11-01,1.51987650479094,1.3547415128719777,0.7445749766332167,-0.36748687556762866,-0.332255186917616,-0.056899429343232326,0.399784199689932,0.8954486064233991,-1.4400095424101067,0.0,-0.09999999999999964,-0.30000000000000027,-0.03000000000000025,2.54,3.15,0.12,9.9,1.9145871744709275,2.99,-5.83001235670767,24.51,4.323654603274285,1.75,2.08,2.01,4.2,0.988,2,Financial Crisis & ZLB,2,Financial Crisis & ZLB,0.293,Financial Crisis & ZLB,2008-03-01
2009-12-01,1.6951416107305477,1.8349334536329798,0.151302467726124,0.1281500596943,0.30237590489175753,0.671468065058504,0.399784199689932,0.5368609439501162,-0.7182028562871667,0.0,0.0,0.6800000000000002,0.4299999999999997,2.71,3.79,0.12,9.9,2.8141231232083674,2.54,-2.704223119324234,21.68,4.323654603274285,2.13,2.37,2.69,4.63,0.947,2,Financial Crisis & ZLB,2,Financial Crisis & ZLB,0.1953,Financial Crisis & ZLB,2008-03-01
2010-01-01,1.7982387318714936,1.654861475847604,0.1908539683199299,0.021802176034468105,-0.06504209562945878,0.5710035830720576,-0.05710936252594084,0.9085701036853651,0.08005004501439536,-0.009999999999999995,-0.09999999999999964,-0.3500000000000001,-0.1200000000000001,2.81,3.55,0.11,9.8,2.6211113889767157,2.57,0.87230439200634,24.62,1.9380038022744017,1.91,2.33,2.34,4.51,0.99,2,Financial Crisis & ZLB,2,Financial Crisis & ZLB,0.1981,Financial Crisis & ZLB,2008-03-01
2010-02-01,1.787929019757399,1.6023404823268697,0.2567731359762739,-0.2370400158855257,-0.1986486412735372,0.0686811731398252,-0.05710936252594084,0.22867765744559737,0.29790916722417515,0.020000000000000004,0.0,-0.040000000000000036,0.040000000000000036,2.8,3.48,0.13,9.8,2.151336357866529,2.62,1.8708182344855606,19.5,1.9380038022744017,1.83,2.13,2.3,4.55,0.973,2,Financial Crisis & ZLB,2,Financial Crisis & ZLB,0.1869,Financial Crisis & ZLB,2008-03-01
2010-03-01,1.8085484439855881,1.752400463814683,0.059015633007243155,-0.1627469910929649,-0.1986486412735372,0.34495849860255356,-0.05710936252594084,-0.0695716928341525,0.7981300244132445,0.03,0.09999999999999964,0.25,0.16999999999999993,2.82,3.68,0.16,9.9,2.2861714393279886,2.47,4.200672107537207,17.59,1.9380038022744017,1.83,2.24,2.55,4.72,0.942,2,Financial Crisis & ZLB,2,Financial Crisis & ZLB,0.2038,Financial Crisis & ZLB,2008-03-01
2010-04-01,1.7054513228446426,1.6398554776988228,-0.059638868774175735,-0.20649611875958568,0.10196608642563933,0.7468164265483384,0.31296743673002697,0.5862096570192562,1.0572449941807744,0.04000000000000001,0.0,-0.11999999999999966,-0.1899999999999995,2.72,3.53,0.2,9.9,2.2067707525304403,2.38,5.4282103558062955,22.05,3.8703444732496095,2.01,2.4,2.43,4.53,0.947,2,Financial Crisis & ZLB,2,Financial Crisis & ZLB,0.2108,Financial Crisis & ZLB,2008-03-01
2010-05-01,1.5301862169050344,1.3547415128719777,0.6127366413205294,-0.318469677821912,-0.4324600961506751,-0.2829445138127369,0.31296743673002697,1.6869777319790251,1.578793431463133,0.0,-0.3000000000000007,-0.33000000000000007,-0.3100000000000005,2.55,3.15,0.2,9.6,2.003548929218568,2.89,7.942609605426321,32.07,3.8703444732496095,1.69,1.99,2.1,4.22,0.987,2,Financial Crisis & ZLB,2,Financial Crisis & ZLB,0.1741,Financial Crisis & ZLB,2008-03-01
2010-06-01,1.3343016867372373,1.084633546193914,0.863229478414635,-0.8044380218153365,-0.6829723692333225,-0.7099185622551338,0.31296743673002697,1.9066438586978514,1.703246555094072,-0.020000000000000018,-0.1999999999999993,-0.31000000000000005,-0.3099999999999996,2.36,2.79,0.18,9.4,1.1215605940686268,3.08,8.551328146848402,34.54,3.8703444732496095,1.54,1.82,1.79,3.91,0.985,2,Financial Crisis & ZLB,2,Financial Crisis & ZLB,0.2657,Financial Crisis & ZLB,2008-03-01
2010-07-01,1.3652308230795214,1.084633546193914,0.6391043083830669,-0.6836507630859034,-0.8666813694939308,-0.760150803248357,0.16243387983712995,0.7722546486989221,1.5386560113266212,0.0,0.0,-0.18999999999999995,0.06999999999999984,2.39,2.79,0.18,9.4,1.3407784804821077,2.91,7.747013804699288,23.5,3.0843397441892684,1.43,1.8,1.6,3.98,0.99,2,Financial Crisis & ZLB,2,Financial Crisis & ZLB,0.2766,Financial Crisis & ZLB,2008-03-01
2010-08-01,0.9631520506298324,0.7394955887719435,0.7709426436957536,-0.7886703194176176,-1.267501006426167,-1.4634021771534818,0.16243387983712995,1.0742025040372452,1.3782318655552679,0.010000000000000009,0.09999999999999964,-0.27,-0.45999999999999996,2.0,2.33,0.19,9.5,1.1501775395112546,3.01,6.968742858593813,26.05,3.0843397441892684,1.19,1.52,1.33,3.52,0.985,2,Financial Crisis & ZLB,2,Financial Crisis & ZLB,0.2924,Financial Crisis & ZLB,2008-03-01
2010-09-01,1.0765588838848728,0.7695075850695062,0.8236779778208285,-0.8062278342985949,-1.0837920061655586,-0.8103830442415803,0.16243387983712995,0.7970478791280604,1.2491734268937023,0.0,0.0,-0.06000000000000005,0.16999999999999993,2.11,2.37,0.19,9.5,1.1183122472331775,3.05,6.346682104150392,23.7,3.0843397441892684,1.3,1.78,1.27,3.69,0.986,2,Financial Crisis & ZLB,2,Financial Crisis & ZLB,0.2594,Financial Crisis & ZLB,2008-03-01
2010-10-01,1.2621337019385754,0.8745495721109753,0.9555163131335158,-0.7795692520034957,-0.7831772784663815,0.0686811731398252,-0.025999809668913656,0.47162742888164355,1.1268219215275959,0.0,-0.09999999999999964,-0.10000000000000009,0.30000000000000027,2.29,2.51,0.19,9.4,1.1666951489314625,3.15,5.760258506490601,21.2,2.100441043307466,1.48,2.13,1.17,3.99,0.991,2,Financial Crisis & ZLB,2,Financial Crisis & ZLB,0.1003,Financial Crisis & ZLB,2008-03-01
2010-11-01,1.3343016867372373,0.9720885600780541,0.7973103107582911,-0.824833433863013,-0.6829723692333225,-0.0820155498398445,-0.025999809668913656,0.7772294467762783,1.050276040499234,0.0,0.40000000000000036,0.30000000000000004,0.1299999999999999,2.36,2.64,0.19,9.8,1.084544776600338,3.03,5.39500875348351,23.54,2.100441043307466,1.54,2.07,1.47,4.12,0.994,2,Financial Crisis & ZLB,2,Financial Crisis & ZLB,0.0796,Financial Crisis & ZLB,2008-03-01
2010-12-01,1.6745221865023585,1.3772505100951498,0.33587613716388626,-0.6301965457094039,-0.1986486412735372,0.49565522158222214,-0.025999809668913656,-0.04343719505688152,1.176129497674201,-0.010000000000000009,-0.5,0.5399999999999998,0.21999999999999975,2.69,3.18,0.18,9.3,1.437793022217937,2.68,5.996200467756596,17.75,2.100441043307466,1.83,2.3,2.01,4.34,0.969,2,Financial Crisis & ZLB,2,Financial Crisis & ZLB,0.1623,Financial Crisis & ZLB,2008-03-01
2011-01-01,1.8291678682137773,1.4447775017646656,0.33587613716388626,-0.48529095257275845,0.01846199539809046,0.5961197035686686,-0.6099861800035818,0.23313715209132796,0.8896265176419093,-0.009999999999999981,-0.20000000000000107,-0.05999999999999983,0.2400000000000002,2.84,3.27,0.17,9.1,1.7007834915029774,2.68,4.632504538708293,19.53,-0.9488195884360451,1.96,2.34,1.95,4.58,0.975,2,Financial Crisis & ZLB,2,Financial Crisis & ZLB,0.2021,Financial Crisis & ZLB,2008-03-01
2011-02-01,1.7157610349587369,1.4447775017646656,0.1908539683199299,-0.25160723887912334,0.3357775413027772,0.7217003060517273,-0.6099861800035818,0.05261958224484432,0.7187305357021192,-0.010000000000000009,-0.09999999999999964,0.17999999999999994,-0.08999999999999986,2.73,3.27,0.16,9.0,2.124898173333145,2.57,3.827364378514675,18.35,-0.9488195884360451,2.15,2.39,2.13,4.49,0.938,2,Financial Crisis & ZLB,2,Financial Crisis & ZLB,0.2441,Financial Crisis & ZLB,2008-03-01
2011-03-01,1.6539027622741693,1.5273104915829627,0.20403780185119894,0.020771888238720282,0.43598245053583634,0.9477453905212312,-0.6099861800035818,-0.04506405588240977,0.7965064518376171,-0.01999999999999999,0.0,0.11000000000000032,0.019999999999999574,2.67,3.38,0.14,9.0,2.619241510354109,2.58,4.193025357503588,17.74,-0.9488195884360451,2.21,2.48,2.24,4.51,0.938,2,Financial Crisis & ZLB,2,Financial Crisis & ZLB,0.2464,Financial Crisis & ZLB,2008-03-01
2011-04-01,1.6951416107305477,1.4522805008390562,0.20403780185119894,0.2731222414541513,0.8368020874680727,1.1737904749907353,0.09003829011047604,-0.5751366618692323,0.6500095742847172,-0.04000000000000001,0.09999999999999964,-0.27000000000000024,-0.10999999999999943,2.71,3.28,0.1,9.1,3.0772344447868694,2.58,3.505332834432129,14.75,2.706329172574673,2.45,2.57,1.97,4.4,0.604,2,Financial Crisis & ZLB,2,Financial Crisis & ZLB,0.1757,Financial Crisis & ZLB,2008-03-01
2011-05-01,1.5817347774755075,1.2346935276817272,0.29632463657007974,0.48345644007476574,0.08526526822012985,0.3700746190991646,0.09003829011047604,-0.44252661504842944,0.37984708422456903,-0.010000000000000009,-0.09999999999999964,-0.29000000000000004,-0.1800000000000006,2.6,2.99,0.09,9.0,3.4589718808964998,2.65,2.248891889831528,15.45,2.706329172574673,2.0,2.25,1.68,4.22,0.705,2,Financial Crisis & ZLB,2,Financial Crisis & ZLB,0.0524,Financial Crisis & ZLB,2008-03-01
2011-06-01,1.7157610349587369,1.3547415128719777,0.3886114712889612,0.5073398794402492,0.13536772283665904,0.8221647880381737,0.09003829011047604,-0.25035123331403475,0.4057889913094066,0.0,0.09999999999999964,0.08000000000000007,0.16000000000000014,2.73,3.15,0.09,9.1,3.5023181506360412,2.72,2.3688810428642126,16.52,2.706329172574673,2.03,2.43,1.76,4.38,0.739,2,Financial Crisis & ZLB,2,Financial Crisis & ZLB,0.0626,Financial Crisis & ZLB,2008-03-01
2011-07-01,1.4373988078781832,1.0321125526731794,0.45453063894530454,0.550076361070642,0.20217099565869842,0.8472809085347848,-0.4453638555995733,0.9826518975519324,0.4306782337579349,-0.01999999999999999,-0.09999999999999964,-0.4099999999999999,-0.2599999999999998,2.46,2.72,0.07,9.0,3.5798809769996165,2.77,2.484132372991299,25.25,-0.08925094366856179,2.07,2.44,1.35,4.12,0.987,2,Financial Crisis & ZLB,2,Financial Crisis & ZLB,0.0841,Financial Crisis & ZLB,2008-03-01
2011-08-01,0.994081186972116,0.6494595998792556,1.087354648446203,0.6465633204413168,-0.3823576415341456,-0.13224779083306773,-0.4453638555995733,1.6451960540361272,0.49859814506519634,0.03,0.0,-0.3900000000000001,-0.52,2.03,2.21,0.1,9.0,3.75499603070808,3.25,2.7992943499441703,31.62,-0.08925094366856179,1.72,2.05,0.96,3.6,0.984,2,Financial Crisis & ZLB,2,Financial Crisis & ZLB,0.2525,Financial Crisis & ZLB,2008-03-01
2011-09-01,0.6229315508647112,0.41686662857314505,1.1532738161025464,0.6783145879710111,-0.7497756420553618,-0.8857314057314152,-0.4453638555995733,2.5550432807829067,0.41518694146730617,-0.020000000000000004,0.0,0.0,-0.7000000000000002,1.67,1.9,0.08,9.0,3.812621692818685,3.3,2.4123837996766095,42.96,-0.08925094366856179,1.5,1.75,0.96,2.9,0.959,3,Moderate Expansion,2,Financial Crisis & ZLB,0.3143,Financial Crisis & ZLB,2008-03-01
2011-10-01,0.8806743537170757,0.6119446045073024,0.7841264772270226,0.5183321549279587,-0.11514455024598834,-0.03178330884662127,0.43206284785924015,1.4859194060235332,0.6309545898525727,-0.009999999999999995,-0.1999999999999993,0.030000000000000027,0.26000000000000023,1.92,2.16,0.07,8.8,3.5222681306640524,3.02,3.4162150732061747,29.96,4.492196227031986,1.88,2.09,0.99,3.16,0.894,2,Financial Crisis & ZLB,2,Financial Crisis & ZLB,0.2802,Financial Crisis & ZLB,2008-03-01
2011-11-01,0.7878869446902246,0.5444176128377862,1.0741708149149347,0.4793021457295584,-0.3155543687121062,-0.13224779083306773,0.43206284785924015,1.2653738930793332,0.609811314047859,0.009999999999999995,-0.20000000000000107,-0.030000000000000027,-0.10000000000000009,1.83,2.07,0.08,8.6,3.451432214581729,3.24,3.3174195787687877,27.8,4.492196227031986,1.76,2.05,0.96,3.06,0.955,3,Moderate Expansion,3,Moderate Expansion,0.2557,Financial Crisis & ZLB,2011-11-01
2011-12-01,0.5920024145224274,0.3943576313499732,1.1137223155087406,0.26476501465761226,-0.5994682782057732,-0.35829287530257176,0.43206284785924015,0.7597820319455659,0.5114708680097502,-0.009999999999999995,-0.09999999999999964,-0.13,-0.16999999999999993,1.64,1.87,0.07,8.5,3.062066838419386,3.27,2.859134467066693,23.4,4.492196227031986,1.59,1.96,0.83,2.89,0.978,3,Moderate Expansion,3,Moderate Expansion,0.2078,Moderate Expansion,2011-11-01
2012-01-01,0.5610732781801439,0.3193276406060665,1.0741708149149347,0.23539687576326757,-0.11514455024598834,0.018448932146601968,0.21414807667398228,0.21973905638510488,0.689656773067292,0.009999999999999995,-0.1999999999999993,-0.12,0.04999999999999982,1.61,1.77,0.08,8.3,3.0087663379855023,3.24,3.6910016324102957,19.44,3.354363279886652,1.88,2.11,0.71,2.94,0.986,3,Moderate Expansion,2,Financial Crisis & ZLB,0.1006,Moderate Expansion,2012-01-01
2012-02-01,0.6332412629788058,0.41686662857314505,0.8895971454771725,0.17446385163224457,0.06856445001462,0.39519073959577566,0.21414807667398228,0.06520155180054829,0.8487046353521193,0.020000000000000004,0.0,0.16000000000000003,0.14000000000000012,1.68,1.9,0.1,8.3,2.8981784423473878,3.1,4.439148449901298,18.43,3.354363279886652,1.99,2.26,0.87,3.08,0.34,2,Financial Crisis & ZLB,2,Financial Crisis & ZLB,0.1099,Financial Crisis & ZLB,2012-01-01
2012-03-01,0.8600549294888865,0.6119446045073024,0.850045644883366,0.0007343941009911507,0.11866690463114955,0.5458874625754454,0.21414807667398228,-0.4332715228304608,0.5049231706128736,0.03,-0.10000000000000142,0.17000000000000004,0.27,1.9,2.16,0.13,8.2,2.5828752813320977,3.07,2.8286925428470555,15.5,3.354363279886652,2.02,2.32,1.04,3.35,0.735,2,Financial Crisis & ZLB,2,Financial Crisis & ZLB,0.106,Financial Crisis & ZLB,2012-01-01
2012-04-01,0.6332412629788058,0.37935163320119186,1.0214354807898598,-0.16991432840178558,0.18547017745318894,0.3700746190991646,-0.08634732657125603,-0.14261831205189013,0.7350596788060559,0.010000000000000009,0.0,-0.22000000000000008,-0.22999999999999998,1.68,1.85,0.14,8.2,2.2731633741348567,3.2,3.9040297563633697,17.15,1.7853389846612444,2.06,2.25,0.82,3.12,0.361,2,Financial Crisis & ZLB,2,Financial Crisis & ZLB,0.0824,Financial Crisis & ZLB,2012-01-01
2012-05-01,0.2620916268714009,0.13175266374629999,1.285112151415234,-0.46481640240160493,-0.3823576415341456,-0.03178330884662127,-0.08634732657125603,0.8411739784419545,0.759421201550312,0.01999999999999999,0.0,-0.1499999999999999,-0.4500000000000002,1.32,1.52,0.16,8.2,1.7379429374660749,3.4,4.0185114178595605,24.06,1.7853389846612444,1.72,2.09,0.67,2.67,0.979,3,Moderate Expansion,2,Financial Crisis & ZLB,0.1203,Financial Crisis & ZLB,2012-01-01
2012-06-01,0.2827110510995901,0.176770658192644,1.2719283178839653,-0.5111396548850367,-0.3823576415341456,0.0686811731398252,-0.08634732657125603,-0.15440240279362238,0.6938271785842597,0.0,0.0,0.04999999999999993,0.08999999999999986,1.34,1.58,0.16,8.2,1.653870448297634,3.39,3.7105509068513065,17.08,1.7853389846612444,1.72,2.13,0.72,2.76,0.976,3,Moderate Expansion,2,Financial Crisis & ZLB,0.14,Financial Crisis & ZLB,2012-01-01
2012-07-01,0.22085277841502254,0.04171667485361198,1.1137223155087406,-0.6413715093309065,-0.1986486412735372,0.2444940166161071,-0.3179352979585203,0.14268413815705847,0.6314814011676289,0.0,0.0,-0.12,-0.19999999999999973,1.28,1.4,0.16,8.2,1.4175114798464783,3.27,3.418677881567289,18.93,0.5761119892917499,1.83,2.2,0.6,2.56,0.345,2,Financial Crisis & ZLB,2,Financial Crisis & ZLB,0.1408,Financial Crisis & ZLB,2012-01-01
2012-08-01,0.2930207632136847,0.10174066744873732,1.0346193143211282,-0.49347239626304046,0.0017611771925806071,0.3700746190991646,-0.3179352979585203,-0.0893206051037468,0.3877859472841062,-0.03,-0.09999999999999964,-0.010000000000000009,0.1200000000000001,1.35,1.48,0.13,8.1,1.6859349154821235,3.21,2.285596731143258,17.47,0.5761119892917499,1.95,2.25,0.59,2.68,0.346,2,Financial Crisis & ZLB,2,Financial Crisis & ZLB,0.1255,Financial Crisis & ZLB,2012-01-01
2012-09-01,0.3651887480123466,0.154261660969472,0.850045644883366,-0.34813068566689476,0.26897426848073785,0.7970486675415616,-0.3179352979585203,-0.3910561857133124,0.38985327837467404,0.010000000000000009,-0.2999999999999998,0.030000000000000027,0.13999999999999968,1.42,1.55,0.14,7.8,1.9497168982819613,3.07,2.2951570495009843,15.73,0.5761119892917499,2.11,2.42,0.62,2.82,0.332,2,Financial Crisis & ZLB,2,Financial Crisis & ZLB,0.1255,Financial Crisis & ZLB,2012-01-01
2012-10-01,0.3651887480123466,0.199279655415816,0.4017953048202296,-0.2346477738492151,0.285675086686248,0.9979776315144545,-0.3396820518523752,0.09176711014677229,0.31357651325903646,0.01999999999999999,0.0,0.09999999999999998,0.03000000000000025,1.42,1.61,0.16,7.8,2.1556780595369363,2.73,1.9430024786973865,18.6,0.4625622150414621,2.12,2.5,0.72,2.85,0.24,1,Late-Cycle Expansion,2,Financial Crisis & ZLB,0.2514,Financial Crisis & ZLB,2012-01-01
2012-11-01,0.3136401874418739,0.14675866189508133,0.6918396425081418,-0.43281658036651893,0.10196608642563933,0.7719325470449505,-0.3396820518523752,-0.3656431174368607,0.3964682294421346,0.0,-0.09999999999999964,-0.10999999999999999,-0.040000000000000036,1.37,1.54,0.16,7.7,1.7960197033926262,2.95,2.3257536633332743,15.87,0.4625622150414621,2.01,2.41,0.61,2.81,0.332,2,Financial Crisis & ZLB,2,Financial Crisis & ZLB,0.2389,Financial Crisis & ZLB,2012-01-01
2012-12-01,0.4785955812673871,0.2893156443085038,0.5600013071954544,-0.4529358938564684,0.23557263206971812,0.8723970290313969,-0.3396820518523752,0.00016315828738583228,0.3317584247712945,0.0,0.20000000000000018,0.10999999999999999,0.14000000000000012,1.53,1.73,0.16,7.9,1.7595049796895523,2.85,2.0268355938483085,18.02,0.4625622150414621,2.09,2.45,0.72,2.95,0.237,1,Late-Cycle Expansion,0,Early Recovery,0.2092,Financial Crisis & ZLB,2012-12-01
2013-01-01,0.7054092477774679,0.45438162394509835,0.520449806601648,-0.4945044884253797,0.6363922690019546,1.2240227159839585,0.3275032568170108,-0.6675245690489934,0.20565281035427438,-0.01999999999999999,0.09999999999999964,0.16000000000000003,0.21999999999999975,1.75,1.95,0.14,8.0,1.684061762098299,2.82,1.4467904237824847,14.28,3.9462426554553787,2.33,2.59,0.88,3.17,0.323,0,Early Recovery,1,Late-Cycle Expansion,0.1769,Early Recovery,2013-01-01
2013-02-01,0.5920024145224274,0.32683063968045717,0.6127366413205294,-0.31042984728021467,0.38587999591930716,1.0733259930042889,0.3275032568170108,-0.43142387021706113,0.23784519939796894,0.009999999999999981,-0.2999999999999998,-0.10999999999999999,-0.06999999999999984,1.64,1.78,0.15,7.7,2.0181404902574807,2.89,1.5945538776370727,15.51,3.9462426554553787,2.18,2.53,0.77,3.1,0.29,0,Early Recovery,1,Late-Cycle Expansion,0.1166,Late-Cycle Expansion,2013-01-01
2013-03-01,0.5713829902942384,0.3418366378292385,0.7050234760394102,-0.5855914345832199,0.48608490515236624,1.0230937520110654,0.3275032568170108,-1.0003798117793865,0.44159684179851794,-0.009999999999999981,-0.20000000000000018,0.0,0.0,1.62,1.8,0.14,7.5,1.5187472411246183,2.96,2.534732272069462,12.7,3.9462426554553787,2.24,2.51,0.77,3.1,0.256,1,Late-Cycle Expansion,1,Late-Cycle Expansion,0.0864,Late-Cycle Expansion,2013-01-01
2013-04-01,0.42704702069691414,0.2292916517133785,0.5336336401329169,-0.7949348162904266,0.18547017745318894,0.5961197035686686,-0.2232427241556613,-0.82310585060404,0.26395683168030226,0.009999999999999981,0.09999999999999964,-0.08999999999999997,-0.2200000000000002,1.48,1.65,0.15,7.6,1.138808047576867,2.83,1.7145631127746475,13.52,1.070545339251705,2.06,2.34,0.68,2.88,0.302,1,Late-Cycle Expansion,0,Early Recovery,0.0606,Late-Cycle Expansion,2013-04-01
2013-05-01,0.8188160810325084,0.5819326082097397,0.480898306007842,-0.6563158682484443,-0.13184536845149783,0.26961013711271814,-0.2232427241556613,-0.28888713495355584,0.23020755904010204,-0.039999999999999994,-0.09999999999999964,0.37,0.41999999999999993,1.86,2.12,0.11,7.5,1.3903888279197085,2.79,1.5594777439077445,16.3,1.070545339251705,1.87,2.21,1.05,3.3,0.276,3,Moderate Expansion,1,Late-Cycle Expansion,0.0606,Early Recovery,2013-05-01
2013-06-01,1.1281074444553458,0.8520405748878034,0.5336336401329169,-0.47702054594797516,-0.3155543687121062,-0.2829445138127369,-0.2232427241556613,-0.19173737773954275,0.27483051028959027,-0.020000000000000004,0.0,0.3599999999999999,0.2200000000000002,2.16,2.48,0.09,7.5,1.7157935271568725,2.83,1.7645800035426706,16.86,1.070545339251705,1.76,1.99,1.41,3.52,0.579,2,Financial Crisis & ZLB,1,Late-Cycle Expansion,0.0615,Late-Cycle Expansion,2013-05-01
2013-07-01,1.2621337019385754,0.9120645674829287,0.33587613716388626,-0.3835292052908097,-0.13184536845149783,0.2947262576093303,0.2239558719235113,-0.8378430928272849,0.15974032054259324,0.0,-0.20000000000000018,-0.030000000000000027,0.1200000000000001,2.29,2.56,0.09,7.3,1.885471805415806,2.68,1.2364196654177428,13.45,3.405574276337564,1.87,2.22,1.38,3.64,0.496,2,Financial Crisis & ZLB,2,Financial Crisis & ZLB,0.0944,Late-Cycle Expansion,2013-07-01
2013-08-01,1.3652308230795214,1.0546215498963514,0.17767013478866145,-0.5745373006519865,-0.28215273230108645,-0.006667188350009092,0.2239558719235113,-0.16623220638748784,0.38211088931232434,-0.009999999999999995,-0.09999999999999964,0.2400000000000002,0.06000000000000005,2.39,2.75,0.08,7.2,1.538809488600279,2.56,2.2593571227008002,17.01,3.405574276337564,1.78,2.1,1.62,3.7,0.921,0,Early Recovery,2,Financial Crisis & ZLB,0.1384,Financial Crisis & ZLB,2013-07-01
2013-09-01,1.2827531261667646,0.9570825619292728,0.4281629718827671,-0.8192191956760655,-0.34895600512312586,0.2193778961194949,0.2239558719235113,-0.23645804051359454,0.5105314514398137,0.0,0.0,-0.2300000000000002,-0.010000000000000231,2.31,2.62,0.08,7.2,1.0947341081747997,2.75,2.854766330187619,16.6,3.405574276337564,1.74,2.19,1.39,3.69,0.603,2,Financial Crisis & ZLB,2,Financial Crisis & ZLB,0.1047,Financial Crisis & ZLB,2013-07-01
2013-10-01,1.2312045655962913,0.8895555702597566,0.29632463657007974,-0.9392995750470411,-0.34895600512312586,0.16914565512627167,0.2395439947537947,-0.7751788904327902,0.41636618425979927,0.009999999999999995,0.0,-0.07999999999999985,-0.06000000000000005,2.26,2.53,0.09,7.2,0.8767991434911471,2.65,2.4178437626957816,13.75,3.4869670137090303,1.74,2.17,1.31,3.63,0.372,2,Financial Crisis & ZLB,0,Early Recovery,0.0994,Financial Crisis & ZLB,2013-10-01
2013-11-01,1.4477085199922781,1.0096035554500074,0.24358930244500482,-0.7431073433240601,-0.4324600961506751,0.11891341413304844,0.2395439947537947,-0.7855339107222438,0.38700083611295216,-0.009999999999999995,-0.2999999999999998,0.06000000000000005,0.18999999999999995,2.47,2.69,0.08,6.9,1.2328701961954458,2.61,2.281966236973343,13.7,3.4869670137090303,1.69,2.15,1.37,3.82,0.881,0,Early Recovery,0,Early Recovery,0.0976,Early Recovery,2013-10-01
2013-12-01,1.643593050160075,1.219687529532946,-0.1255580364305191,-0.5888471759311463,-0.4324600961506751,0.34495849860255356,0.2395439947537947,-0.7813876822859377,0.37907957919074997,0.009999999999999995,-0.20000000000000018,0.3799999999999999,0.14000000000000012,2.66,2.97,0.09,6.7,1.5128383667573297,2.33,2.245344069429267,13.72,3.4869670137090303,1.69,2.24,1.75,3.96,0.689,0,Early Recovery,0,Early Recovery,0.1456,Early Recovery,2013-10-01
2014-01-01,1.3033725503949538,0.9795915591524446,-0.03327120171163827,-0.5640963878152861,-0.3823576415341456,0.09379729363643738,-0.6926382489271798,0.06206092274322175,0.2948278676271614,-0.01999999999999999,-0.10000000000000053,-0.26,-0.3500000000000001,2.33,2.65,0.07,6.6,1.557758795574915,2.4,1.8566277042981971,18.41,-1.380383941139085,1.72,2.14,1.49,3.61,0.727,0,Early Recovery,0,Early Recovery,0.1579,Early Recovery,2013-10-01
2014-02-01,1.3033725503949538,0.9495795628548819,-0.09919036936798165,-0.8050363764871088,-0.2654519140955766,0.16914565512627167,-0.6926382489271798,-0.7239247336090314,0.35814281037311624,0.0,0.10000000000000053,0.020000000000000018,-0.020000000000000018,2.33,2.61,0.07,6.7,1.1204746347724948,2.35,2.148610089064018,14.0,-1.380383941139085,1.79,2.17,1.51,3.59,0.409,3,Moderate Expansion,0,Early Recovery,0.1773,Early Recovery,2013-10-01
2014-03-01,1.2621337019385754,1.0021005563756167,-0.21784487114940054,-0.5338270368457415,-0.41575927794516526,0.0686811731398252,-0.6926382489271798,-0.7484192471869883,0.48241365272364933,0.009999999999999995,0.0,0.21999999999999997,-0.029999999999999805,2.29,2.68,0.08,6.7,1.6126949139408042,2.26,2.724108069090181,13.88,-1.380383941139085,1.7,2.13,1.73,3.56,0.733,0,Early Recovery,0,Early Recovery,0.1593,Early Recovery,2013-10-01
2014-04-01,1.220894853482197,0.9720885600780541,-0.3496832064620873,-0.31209119041296707,0.01846199539809046,0.19426177562288385,0.5613700677074088,-0.8462964608047181,0.5229061845759508,0.009999999999999995,-0.5,-0.040000000000000036,-0.08999999999999986,2.25,2.64,0.09,6.2,2.015125303606169,2.16,2.9123215934373725,13.41,5.167368516853177,1.96,2.18,1.69,3.47,0.99,0,Early Recovery,0,Early Recovery,0.1514,Early Recovery,2013-10-01
2014-05-01,1.0765588838848728,0.8220285785902407,-0.2705802052744749,-0.22843830143765195,-0.03164045921843909,0.2947262576093303,0.5613700677074088,-1.3044180500966638,0.5902346338912461,0.0,0.09999999999999964,-0.1499999999999999,-0.14000000000000012,2.11,2.44,0.09,6.3,2.166947687079812,2.22,3.226027611336124,11.4,5.167368516853177,1.93,2.22,1.54,3.33,0.367,0,Early Recovery,0,Early Recovery,0.0894,Early Recovery,2013-10-01
2014-06-01,1.0250103233144001,0.8595435739621943,-0.3233155393995498,-0.2879266784203396,0.08526526822012985,0.39519073959577566,0.5613700677074088,-1.2628936926483378,0.6201766654516999,0.010000000000000009,-0.20000000000000018,0.08000000000000007,0.009999999999999787,2.06,2.49,0.1,6.1,2.0589816945944195,2.18,3.365841732090935,11.57,5.167368516853177,2.0,2.26,1.62,3.34,0.367,0,Early Recovery,0,Early Recovery,0.0956,Early Recovery,2013-10-01
2014-07-01,1.0147006112003052,0.904561568408538,-0.33649937293081883,-0.3346198310391417,0.0351628136036003,0.4705391010856111,0.5028035051026193,-0.17640869151010125,0.737988989202955,-0.010000000000000009,0.10000000000000053,0.1399999999999999,-0.020000000000000018,2.05,2.55,0.09,6.2,1.9742378703305974,2.17,3.9177888079901857,16.95,4.861565637267162,1.97,2.29,1.76,3.32,0.385,0,Early Recovery,0,Early Recovery,0.0723,Early Recovery,2013-10-01
2014-08-01,0.829125793146603,0.7319925896975528,-0.25739637174320645,-0.47740358380221115,-0.3155543687121062,0.04356505264321414,0.5028035051026193,-1.1650132182063695,0.5686392057120041,0.0,-0.10000000000000053,-0.13000000000000012,-0.22999999999999998,1.87,2.32,0.09,6.1,1.7150983482969062,2.23,3.1253041765382905,11.98,4.861565637267162,1.76,2.12,1.63,3.09,0.498,3,Moderate Expansion,0,Early Recovery,0.0393,Early Recovery,2013-10-01
2014-09-01,0.9012937779452649,0.8670465730365847,-0.17829337055559405,-0.4945104341642134,-0.6495707328223028,-0.3331767548059601,0.5028035051026193,-0.2871248982416286,0.5199207919205263,0.0,-0.1999999999999993,0.15000000000000013,0.1200000000000001,1.94,2.5,0.09,5.9,1.6840509711232077,2.29,2.89843352202952,16.31,4.861565637267162,1.56,1.97,1.78,3.21,0.503,3,Moderate Expansion,3,Moderate Expansion,0.0488,Early Recovery,2014-09-01
2014-10-01,0.8085063689184138,0.7469985878463341,-0.04645503524290671,-0.5355644306983839,-0.6996731874388323,-0.4587573572890182,-0.04084403328630785,-0.7178317234999084,0.5400147524343298,0.0,-0.20000000000000018,-0.15999999999999992,-0.14000000000000012,1.85,2.34,0.09,5.7,1.6095417021513292,2.39,2.9919466037849007,14.03,2.0229325448481994,1.53,1.92,1.62,3.07,0.498,2,Financial Crisis & ZLB,3,Moderate Expansion,0.0821,Moderate Expansion,2014-09-01
2014-11-01,0.6641703993210896,0.6119446045073024,0.12493480066358653,-0.7438485412868314,-0.9334846423159702,-0.7852669237449686,-0.04084403328630785,-0.8632738215364811,0.6245131957975297,0.0,0.09999999999999964,-0.13000000000000012,-0.17999999999999972,1.71,2.16,0.09,5.8,1.231524989320798,2.52,3.3861066751199598,13.33,2.0229325448481994,1.39,1.79,1.49,2.89,0.912,3,Moderate Expansion,3,Moderate Expansion,0.1362,Moderate Expansion,2014-09-01
2014-12-01,0.4476664449251033,0.5894356072841302,0.1117509671323175,-1.0625441829024929,-1.133894460782088,-1.0615442492076965,-0.04084403328630785,0.18372032413747139,0.5783303529719935,0.03,-0.20000000000000018,0.15999999999999992,-0.14000000000000012,1.5,2.13,0.12,5.6,0.6531213919623191,2.51,3.170492700276073,19.2,2.0229325448481994,1.27,1.68,1.65,2.75,0.994,3,Moderate Expansion,3,Moderate Expansion,0.1459,Moderate Expansion,2014-09-01
2015-01-01,0.1486847936163604,0.23679465078776918,0.24358930244500482,-1.5490988014700207,-1.1004928243710683,-1.1368926106975312,0.2615633012854741,0.4398681821163424,0.4828728903140829,-0.009999999999999995,0.10000000000000053,-0.47,-0.5,1.21,1.66,0.11,5.7,-0.22993097820542818,2.61,2.7262407410550527,20.97,3.6019399102628746,1.29,1.65,1.18,2.25,0.99,3,Moderate Expansion,3,Moderate Expansion,0.1469,Moderate Expansion,2014-09-01
2015-02-01,0.3136401874418739,0.47689062116827036,0.04583179947597413,-1.4703623397439964,-0.7664764602608717,-0.6848024417585222,0.2615633012854741,-0.861146475412452,0.17466088099542174,0.0,-0.20000000000000018,0.32000000000000006,0.3500000000000001,1.37,1.98,0.11,5.5,-0.08703146293520536,2.46,1.30473816054415,13.34,3.6019399102628746,1.49,1.83,1.5,2.6,0.994,3,Moderate Expansion,3,Moderate Expansion,0.1117,Moderate Expansion,2014-09-01
2015-03-01,0.32394989955596826,0.4243696276475357,0.16448630125739244,-1.4345477741181836,-0.733074823849852,-0.8606152852348036,0.2615633012854741,-0.4723330885741289,-0.11263472254322607,0.0,-0.09999999999999964,-0.1299999999999999,-0.06000000000000005,1.38,1.91,0.11,5.4,-0.022031284423873476,2.55,-0.0027479483621140055,15.29,3.6019399102628746,1.51,1.76,1.37,2.54,0.995,3,Moderate Expansion,3,Moderate Expansion,0.0755,Moderate Expansion,2014-09-01
2015-04-01,0.41673730858281954,0.5219086156146143,0.2304054689137364,-1.479728939496594,-0.3823576415341456,-0.40852511629579497,0.04623657782004831,-0.6141090842303515,-0.25500183799711473,0.009999999999999995,0.0,0.05999999999999983,0.20999999999999996,1.47,2.04,0.12,5.4,-0.10403098939391064,2.6,-0.6444572558062966,14.55,2.4776203470354474,1.72,1.94,1.43,2.75,0.996,3,Moderate Expansion,3,Moderate Expansion,0.0571,Moderate Expansion,2014-09-01
2015-05-01,0.4579761570391979,0.5744296091353489,0.3886114712889612,-1.4031057008420738,-0.632869914616793,-0.760150803248357,0.04623657782004831,-0.7566280019285315,-0.4373638278806802,0.0,0.1999999999999993,0.06000000000000005,0.1299999999999999,1.51,2.11,0.12,5.6,0.03503321824429584,2.72,-1.460487812501221,13.84,2.4776203470354474,1.57,1.8,1.49,2.88,0.994,3,Moderate Expansion,3,Moderate Expansion,0.0905,Moderate Expansion,2014-09-01
2015-06-01,0.6641703993210896,0.7469985878463341,0.5336336401329169,-1.3234661215411943,-0.5660666417947535,-0.5843379597720757,0.04623657782004831,0.03364875562155749,-0.5827696565519221,0.010000000000000009,-0.2999999999999998,0.1399999999999999,0.22999999999999998,1.71,2.34,0.13,5.3,0.1795718097550525,2.83,-2.106390227283794,18.23,2.4776203470354474,1.61,1.87,1.63,3.11,0.955,3,Moderate Expansion,3,Moderate Expansion,0.1301,Moderate Expansion,2014-09-01
2015-07-01,0.4785955812673871,0.5819326082097397,0.6786558089768727,-1.2980575194801367,-0.9835870969324993,-0.9108475262280268,-0.12165522714454598,-1.1322974196587023,-0.4889936771585613,0.0,-0.09999999999999964,-0.08999999999999986,-0.18999999999999995,1.53,2.12,0.13,5.2,0.22568611104094582,2.94,-1.6903126553953207,12.12,1.6009802450112964,1.36,1.74,1.54,2.92,0.994,3,Moderate Expansion,3,Moderate Expansion,0.1807,Moderate Expansion,2014-09-01
2015-08-01,0.41673730858281954,0.5894356072841302,0.9555163131335158,-1.2894523016719526,-1.150595278987598,-1.1871248516907544,-0.12165522714454598,1.331363651312284,-0.4878963879859708,0.010000000000000009,-0.10000000000000053,0.0,0.03000000000000025,1.47,2.13,0.14,5.1,0.2413037985344868,3.15,-1.6854337113987983,28.43,1.6009802450112964,1.26,1.63,1.54,2.95,0.968,3,Moderate Expansion,3,Moderate Expansion,0.2244,Moderate Expansion,2014-09-01
2015-09-01,0.3651887480123466,0.5369146137633957,1.140089982571278,-1.4175363175819446,-1.4679108248922847,-1.7396795026162095,-0.12165522714454598,0.894252938678174,-0.6131341527964016,0.0,-0.09999999999999964,-0.16999999999999993,-0.08000000000000007,1.42,2.06,0.14,5.0,0.008842961634170088,3.29,-2.2407414414912674,24.5,1.6009802450112964,1.07,1.41,1.37,2.87,0.983,3,Moderate Expansion,3,Moderate Expansion,0.261,Moderate Expansion,2014-09-01
2015-10-01,0.354879035898252,0.551920611912177,1.0082516472585907,-1.3520930379675777,-1.250800188220657,-1.4382860566568703,-0.28694692282666057,-0.513798567963909,-0.7229394690538219,-0.020000000000000018,0.0,0.1499999999999999,0.06000000000000005,1.41,2.08,0.12,5.0,0.12761656067050708,3.19,-2.72506606749946,15.07,0.7379165058545745,1.2,1.53,1.52,2.93,0.995,3,Moderate Expansion,3,Moderate Expansion,0.2241,Moderate Expansion,2014-09-01
2015-11-01,0.21054306630092795,0.484393620242661,1.0214354807898598,-1.1820009554579265,-1.0837920061655586,-1.2875893336772004,-0.28694692282666057,-0.3190020234631764,-1.0222138732143478,0.0,0.09999999999999964,0.1299999999999999,0.04999999999999982,1.27,1.99,0.12,5.1,0.4363182169185187,3.2,-4.033068306068888,16.13,0.7379165058545745,1.3,1.59,1.65,2.98,0.995,3,Moderate Expansion,3,Moderate Expansion,0.1762,Moderate Expansion,2014-09-01
2015-12-01,0.1486847936163604,0.5744296091353489,1.0609869813836657,-1.0704766137839339,-1.0670911879600486,-1.4131699361602585,-0.28694692282666057,0.030475445714894068,-1.12913553936144,0.12,-0.09999999999999964,0.1100000000000001,0.029999999999999805,1.21,2.11,0.24,5.0,0.6387247515364791,3.23,-4.496144811599123,18.21,0.7379165058545745,1.31,1.54,1.76,3.01,0.995,3,Moderate Expansion,3,Moderate Expansion,0.1204,Moderate Expansion,2014-09-01
2016-01-01,0.11775565727407662,0.199279655415816,1.3905828196653838,-0.7405549804089906,-1.267501006426167,-1.7396795026162095,0.015681375465845266,0.33107026779349485,-0.839424217809074,0.10000000000000003,-0.20000000000000018,-0.42999999999999994,-0.2599999999999998,1.18,1.61,0.34,4.8,1.2375025026943876,3.48,-3.236256019749162,20.2,2.3180776241800594,1.19,1.41,1.33,2.75,0.989,3,Moderate Expansion,3,Moderate Expansion,0.1189,Moderate Expansion,2014-09-01
2016-02-01,-0.10905800923600417,0.049219673928002645,1.4828696543842645,-0.9555657151193648,-1.2006977336041273,-1.714563382119598,0.015681375465845266,0.381005544493042,-0.8127266216318468,0.03999999999999998,0.10000000000000053,-0.1100000000000001,-0.14000000000000012,0.96,1.41,0.38,4.9,0.8472775790126619,3.55,-3.1193297695960798,20.55,2.3180776241800594,1.23,1.42,1.22,2.61,0.99,3,Moderate Expansion,3,Moderate Expansion,0.1541,Moderate Expansion,2014-09-01
2016-03-01,-0.01627060020915284,0.16926765911825334,0.91596481253971,-0.9311355553484343,-0.7664764602608717,-1.2122409721873657,0.015681375465845266,-0.7341068817834113,-0.9032697746496423,-0.020000000000000018,0.09999999999999964,-0.010000000000000009,0.0,1.05,1.57,0.36,5.0,0.8916160965521946,3.12,-3.515311400177057,13.95,2.3180776241800594,1.49,1.62,1.21,2.61,0.995,3,Moderate Expansion,3,Moderate Expansion,0.1756,Moderate Expansion,2014-09-01
2016-04-01,-0.005960888095058249,0.199279655415816,0.5731851407267229,-0.7763015392264838,-0.5827674600002634,-0.9861958877178616,-0.1822674043131691,-0.39652950554056793,-0.7076802451523336,0.010000000000000009,0.09999999999999964,0.07000000000000006,0.050000000000000266,1.06,1.61,0.37,5.1,1.1726257503534843,2.86,-2.6579036961380753,15.7,1.2844962737524668,1.6,1.71,1.28,2.66,0.995,3,Moderate Expansion,3,Moderate Expansion,0.2507,Moderate Expansion,2014-09-01
2016-05-01,-0.09874829712190958,0.11674666559751866,0.5468174736641854,-0.8281770254039301,-0.7998780966718915,-1.4131699361602585,-0.1822674043131691,-0.6855396886577264,-0.6600921150114547,0.0,-0.2999999999999998,0.09000000000000008,-0.020000000000000018,0.97,1.5,0.37,4.8,1.0784764621246223,2.84,-2.448153056399993,14.19,1.2844962737524668,1.47,1.54,1.37,2.64,0.996,3,Moderate Expansion,3,Moderate Expansion,0.3003,Moderate Expansion,2014-09-01
2016-06-01,-0.160606569806477,-0.08583430941102921,0.6522881419143353,-0.8277306820012945,-0.9501854605214801,-1.7647956231128212,-0.1822674043131691,-0.40933891760305435,-0.48625115148254183,0.010000000000000009,0.10000000000000053,-0.3600000000000001,-0.3400000000000003,0.91,1.23,0.38,4.9,1.0792865347959424,2.92,-1.678117946525337,15.63,1.2844962737524668,1.38,1.4,1.01,2.3,0.996,3,Moderate Expansion,3,Moderate Expansion,0.3163,Moderate Expansion,2014-09-01
2016-07-01,-0.284323115175612,-0.12334930478298255,0.37542763775769217,-0.9439476319502643,-1.0670911879600486,-1.5387505386433167,0.11517146817866102,-1.1909669965225598,-0.6031845251810503,0.010000000000000009,-0.10000000000000053,0.020000000000000018,-0.11999999999999966,0.79,1.18,0.39,4.8,0.8683633430518256,2.71,-2.196738284260069,11.87,2.8375610203145385,1.31,1.49,1.03,2.18,0.996,3,Moderate Expansion,3,Moderate Expansion,0.3009,Moderate Expansion,2014-09-01
2016-08-01,-0.2946328272897066,-0.07082831126224787,0.24358930244500482,-0.8409383275922889,-1.133894460782088,-1.5889827796365399,0.11517146817866102,-0.8441809209729965,-0.5958443448792647,0.010000000000000009,0.10000000000000053,0.15999999999999992,0.04999999999999982,0.78,1.25,0.4,4.9,1.0553158595656864,2.61,-2.164263084601936,13.42,2.8375610203145385,1.27,1.47,1.19,2.23,0.996,3,Moderate Expansion,3,Moderate Expansion,0.176,Moderate Expansion,2014-09-01
2016-09-01,-0.24308426671923375,-0.02581031681590386,0.3490599706951547,-0.5691182237673036,-0.8332797330829111,-1.262473213180589,0.11517146817866102,-0.8717980773876263,-0.5573892896867028,0.0,0.09999999999999964,-0.050000000000000044,0.08999999999999986,0.83,1.31,0.4,5.0,1.5486446201652182,2.69,-1.9939516469206886,13.29,2.8375610203145385,1.45,1.6,1.14,2.32,0.996,3,Moderate Expansion,3,Moderate Expansion,0.1192,Moderate Expansion,2014-09-01
2016-10-01,-0.08843858500781498,0.11674666559751866,0.24358930244500482,-0.49347787821189876,-0.5994682782057732,-0.9359636467246384,-0.003639121296813414,-0.15777766660816725,-0.446766216563899,0.0,-0.09999999999999964,0.17000000000000015,0.26000000000000023,0.98,1.5,0.4,4.9,1.685924966243646,2.61,-1.5023811304759715,17.06,2.2171964509938746,1.59,1.73,1.31,2.58,0.997,3,Moderate Expansion,3,Moderate Expansion,0.1257,Moderate Expansion,2014-09-01
2016-11-01,0.20023335418683336,0.4093636294987544,0.03264796594470569,-0.49435477850807463,-0.2988535505065963,-0.40852511629579497,-0.003639121296813414,-0.8632738215364811,-0.37591866342311947,0.009999999999999953,-0.20000000000000018,0.52,0.43999999999999995,1.26,1.89,0.41,4.7,1.6843334719788938,2.45,-1.1862778785850958,13.33,2.2171964509938746,1.77,1.94,1.83,3.02,0.996,3,Moderate Expansion,3,Moderate Expansion,0.1549,Moderate Expansion,2014-09-01
2016-12-01,0.18992364207273876,0.4468786248707077,-0.19147720408686306,-0.2924353248336184,-0.18194782306802737,-0.38340899579918336,-0.003639121296813414,-0.7158034224307043,-0.1165601507590995,0.13000000000000006,0.0,0.09999999999999987,0.040000000000000036,1.25,1.94,0.54,4.7,2.0507989115119862,2.28,-0.02049641716570516,14.04,2.2171964509938746,1.84,1.95,1.93,3.06,0.996,3,Moderate Expansion,3,Moderate Expansion,0.1642,Moderate Expansion,2014-09-01
2017-01-01,0.20023335418683336,0.439375625796317,-0.25739637174320645,-0.039202556969801586,-0.014939641012929243,-0.13224779083306773,-0.05527902378350451,-1.162664700150267,-0.2903443147981917,0.10999999999999999,0.0,-0.030000000000000027,-0.010000000000000231,1.26,1.93,0.65,4.7,2.5103933482571117,2.23,-0.8031281419274894,11.99,1.9475608401670286,1.94,2.05,1.9,3.05,0.996,3,Moderate Expansion,3,Moderate Expansion,0.1904,Moderate Expansion,2014-09-01
2017-02-01,0.07651680881769826,0.3643456350524105,-0.31013170586828137,0.12607753604734215,-0.09844373204047849,-0.20759615232290202,-0.05527902378350451,-0.9517979646447818,-0.26435192413497566,0.010000000000000009,-0.10000000000000053,-0.010000000000000009,-0.07999999999999963,1.14,1.83,0.66,4.6,2.8103616813294208,2.19,-0.6864591168616152,12.92,1.9475608401670286,1.89,2.02,1.89,2.97,0.996,3,Moderate Expansion,3,Moderate Expansion,0.2087,Moderate Expansion,2014-09-01
2017-03-01,0.06620709670360367,0.22178865263898784,-0.24421253821193742,-0.07732959838387485,-0.2988535505065963,-0.3331767548059601,-0.05527902378350451,-1.0747353002188698,0.045799248529049374,0.13,-0.1999999999999993,0.040000000000000036,0.04999999999999982,1.13,1.64,0.79,4.4,2.44119623655914,2.24,0.7162067590550603,12.37,1.9475608401670286,1.77,1.97,1.93,3.02,0.996,3,Moderate Expansion,3,Moderate Expansion,0.1631,Moderate Expansion,2014-09-01
2017-04-01,-0.057509448665531204,0.10924366652312799,-0.19147720408686306,-0.22332742001650344,-0.2320502776845569,-0.4587573572890182,0.0006305282653781062,-1.450502074583688,0.1952967216672927,0.10999999999999999,0.0,-0.11999999999999988,-0.06000000000000005,1.01,1.49,0.9,4.4,2.176223471915395,2.28,1.3993011097695573,10.82,2.239490249244458,1.81,1.92,1.81,2.96,0.997,3,Moderate Expansion,3,Moderate Expansion,0.0906,Moderate Expansion,2014-09-01
2017-05-01,-0.1399871455782878,-0.08583430941102921,-0.25739637174320645,-0.3995788464541231,-0.3823576415341456,-0.7350346827517454,0.0006305282653781062,-1.5581598942637302,0.2716785901757925,0.010000000000000009,0.0,-0.06000000000000005,-0.08999999999999986,0.93,1.23,0.91,4.4,1.8563431667619756,2.23,1.7500792534729248,10.41,2.239490249244458,1.72,1.81,1.75,2.87,0.997,3,Moderate Expansion,3,Moderate Expansion,0.0343,Moderate Expansion,2014-09-01
2017-06-01,-0.1399871455782878,-0.04831931403907586,-0.4419700411809687,-0.5184704015662799,-0.5326650053837342,-0.9359636467246384,0.0006305282653781062,-1.3590086958146583,0.21296414632285227,0.13,-0.10000000000000053,0.1399999999999999,-0.03000000000000025,0.93,1.28,1.04,4.3,1.640565809959127,2.09,1.4803308546539107,11.18,2.239490249244458,1.63,1.73,1.89,2.84,0.997,3,Moderate Expansion,3,Moderate Expansion,0.0654,Moderate Expansion,2014-09-01
2017-07-01,-0.10905800923600417,-0.08583430941102921,-0.48152154177477463,-0.47188870553463946,-0.46586173256169483,-0.7099185622551338,0.17579351436086665,-1.5985162469296297,0.13402847964231523,0.10999999999999988,0.0,-0.04999999999999982,0.050000000000000266,0.96,1.23,1.15,4.3,1.7251073506566073,2.06,1.1187969195710634,10.26,3.1540965222188078,1.67,1.82,1.84,2.89,0.996,3,Moderate Expansion,3,Moderate Expansion,0.088,Moderate Expansion,2014-09-01
2017-08-01,-0.284323115175612,-0.17587029830371706,-0.37605087352462474,-0.360029541556707,-0.616169096411283,-0.8606152852348036,0.17579351436086665,-1.510426824246264,0.07566395476382376,0.010000000000000009,0.10000000000000053,-0.14000000000000012,-0.16000000000000014,0.79,1.11,1.16,4.4,1.92812155729698,2.14,0.8523014668689877,10.59,3.1540965222188078,1.58,1.76,1.7,2.73,0.996,3,Moderate Expansion,3,Moderate Expansion,0.0894,Moderate Expansion,2014-09-01
2017-09-01,-0.21215513037694997,-0.05582231311346653,-0.560624542962387,-0.22093514669191583,-0.44916091435618494,-0.6596863212619106,0.17579351436086665,-1.8087200516171962,0.12182850758801776,-0.010000000000000009,-0.10000000000000053,0.21999999999999997,0.1299999999999999,0.86,1.27,1.15,4.3,2.1805652303711787,2.0,1.0630336308315114,9.51,3.1540965222188078,1.68,1.84,1.92,2.86,0.996,3,Moderate Expansion,3,Moderate Expansion,0.1058,Moderate Expansion,2014-09-01
2017-10-01,-0.2946328272897066,-0.08583430941102921,-0.6792790447438056,-0.3089877568868706,-0.2654519140955766,-0.5592218392754646,0.4351252642060026,-1.6202600149497397,0.38916965055181096,0.0,-0.09999999999999964,0.08999999999999986,0.020000000000000018,0.78,1.23,1.15,4.2,2.020757753132485,1.91,2.2919955326540453,10.18,4.5081865070771165,1.79,1.88,2.01,2.88,0.995,3,Moderate Expansion,3,Moderate Expansion,0.1109,Moderate Expansion,2014-09-01
2017-11-01,-0.4389687968870308,-0.14585830200615454,-0.7188305453376118,-0.22538240324759734,-0.3656568233286357,-0.6094540802686873,0.4351252642060026,-1.3340735565209259,0.5344992328401942,0.010000000000000009,0.0,0.13000000000000034,-0.04999999999999982,0.64,1.15,1.16,4.2,2.172493864295566,1.88,2.9662701539719283,11.28,4.5081865070771165,1.73,1.86,2.14,2.83,0.993,3,Moderate Expansion,3,Moderate Expansion,0.1027,Moderate Expansion,2014-09-01
2017-12-01,-0.5729950543702603,-0.25090028904762374,-0.8638527141815676,-0.24883434715856045,-0.14854618665700767,-0.35829287530257176,0.4351252642060026,-1.3942640080699926,0.4270111158693866,0.14000000000000012,-0.10000000000000053,0.06000000000000005,-0.08999999999999986,0.51,1.01,1.3,4.1,2.129930719552253,1.77,2.467143465957866,11.04,4.5081865070771165,1.86,1.96,2.2,2.74,0.991,3,Moderate Expansion,3,Moderate Expansion,0.1334,Moderate Expansion,2014-09-01
2018-01-01,-0.5008270695715983,-0.0633253121878572,-1.1407132183382107,-0.23704965262340508,0.051863631809110154,0.018448932146601968,0.1948576673994624,-0.8189082580003036,0.484820858497584,0.10999999999999988,-0.09999999999999964,0.31999999999999984,0.20999999999999996,0.58,1.26,1.41,4.0,2.151318868063945,1.56,2.7352874765469437,13.54,3.253639207272929,1.98,2.11,2.52,2.95,0.987,3,Moderate Expansion,3,Moderate Expansion,0.1987,Moderate Expansion,2014-09-01
2018-02-01,-0.45958822111521996,-0.09333730848541988,-0.9825072159629862,-0.1752558870639444,0.15206854104216924,0.04356505264321414,0.1948576673994624,0.28030368800253247,0.6273777991022903,0.010000000000000009,0.09999999999999964,0.1299999999999999,0.17999999999999972,0.62,1.22,1.42,4.1,2.263468931091861,1.68,3.3994953469032696,19.85,3.253639207272929,2.04,2.12,2.65,3.13,0.983,3,Moderate Expansion,3,Moderate Expansion,0.1621,Moderate Expansion,2014-09-01
2018-03-01,-0.6142339028266387,-0.25090028904762374,-0.7583820459314177,-0.1380745008385371,-0.04834127742394894,-0.13224779083306773,0.1948576673994624,0.2978047434679714,0.5899728981531648,0.09000000000000008,-0.09999999999999964,-0.08999999999999986,-0.1599999999999997,0.47,1.01,1.51,4.0,2.3309497646499366,1.85,3.224806264183644,19.97,3.253639207272929,1.92,2.05,2.56,2.97,0.988,3,Moderate Expansion,3,Moderate Expansion,0.1343,Moderate Expansion,2014-09-01
2018-04-01,-0.6245436149407333,-0.19837929552688904,-0.8374850471190302,-0.060910006505825086,0.25227345027522835,0.16914565512627167,-0.02162181442372339,-0.35481629939544546,0.6081709504755414,0.17999999999999994,0.0,0.22999999999999998,0.13999999999999968,0.46,1.08,1.69,4.0,2.4709963021052994,1.79,3.309758614070435,15.93,2.1233005640518776,2.1,2.17,2.79,3.11,0.905,3,Moderate Expansion,3,Moderate Expansion,0.1181,Moderate Expansion,2014-09-01
2018-05-01,-0.6554727512830171,-0.333433278865921,-0.7056467118063431,0.11040728864759385,0.13536772283665904,-0.0820155498398445,-0.02162181442372339,-0.4462365310110025,0.3819082145776338,0.010000000000000009,-0.20000000000000018,-0.10999999999999988,-0.10999999999999988,0.43,0.9,1.7,3.8,2.781921607842497,1.89,2.2584201444366236,15.43,2.1233005640518776,2.03,2.07,2.68,3.0,0.995,3,Moderate Expansion,3,Moderate Expansion,0.1203,Moderate Expansion,2014-09-01
2018-06-01,-0.7585698724239628,-0.31842728071713966,-0.5738083764936558,0.12452870484366534,0.18547017745318894,0.018448932146601968,-0.02162181442372339,-0.3261313091067568,0.5075789259065413,0.1200000000000001,0.20000000000000018,0.04999999999999982,-0.020000000000000018,0.33,0.92,1.82,4.0,2.8075506935940187,1.99,2.8410387544831828,16.09,2.1233005640518776,2.06,2.11,2.73,2.98,0.995,3,Moderate Expansion,3,Moderate Expansion,0.154,Moderate Expansion,2014-09-01
2018-07-01,-0.7998087208803412,-0.310924281642749,-0.7847497129939551,0.150190647802123,0.08526526822012985,0.04356505264321414,0.04952480734751819,-0.9715789024019098,0.5962977973727327,0.08999999999999986,-0.20000000000000018,0.1200000000000001,0.10000000000000009,0.29,0.93,1.91,3.8,2.854124785561929,1.83,3.2543243815604805,12.83,2.4947897012457254,2.0,2.12,2.85,3.08,0.99,3,Moderate Expansion,3,Moderate Expansion,0.1032,Moderate Expansion,2014-09-01
2018-08-01,-0.8513572814508141,-0.4459782649817809,-0.6660952112125369,0.033820667073554286,0.051863631809110154,-0.056899429343232326,0.04952480734751819,-0.9649709896428115,0.8305725133635541,0.0,0.0,-0.10999999999999988,-0.06000000000000005,0.24,0.75,1.91,3.8,2.6429238568742575,1.92,4.353587280888749,12.86,2.4947897012457254,1.98,2.08,2.74,3.02,0.995,3,Moderate Expansion,3,Moderate Expansion,0.0711,Moderate Expansion,2014-09-01
2018-09-01,-0.8513572814508141,-0.3634452751634837,-0.7715658794626864,-0.13746546691923606,0.13536772283665904,0.09379729363643738,0.04952480734751819,-1.1322974196587023,0.8221413096136491,0.040000000000000036,-0.09999999999999964,0.19999999999999973,0.16999999999999993,0.24,0.86,1.95,3.7,2.332055105808828,1.84,4.313826088176409,12.12,2.4947897012457254,2.03,2.14,2.94,3.19,0.973,3,Moderate Expansion,3,Moderate Expansion,0.072,Moderate Expansion,2014-09-01
2018-10-01,-0.8101184329944358,-0.4009602705354369,-0.5210730423685811,-0.04931925028569413,-0.08174291383496864,-0.13224779083306773,-0.3197614376704612,0.47574566116871997,0.5268921865474183,0.24,0.09999999999999964,0.040000000000000036,0.20000000000000018,0.28,0.81,2.19,3.8,2.492032470218053,2.03,2.930867401734427,21.23,0.5665768764628432,1.9,2.05,2.98,3.39,0.992,3,Moderate Expansion,3,Moderate Expansion,0.0804,Moderate Expansion,2014-09-01
2018-11-01,-0.8822864177930979,-0.5285112548000782,-0.2046610376181315,-0.23924826992773812,-0.2988535505065963,-0.3331767548059601,-0.3197614376704612,0.008169333915427191,0.4915754029249371,0.010000000000000231,0.0,-0.14000000000000012,-0.0900000000000003,0.21,0.64,2.2,3.8,2.147328577667773,2.27,2.7666629800210174,18.07,0.5665768764628432,1.77,1.97,2.84,3.3,0.997,3,Moderate Expansion,3,Moderate Expansion,0.1627,Moderate Expansion,2014-09-01
2018-12-01,-0.8822864177930979,-0.8286312177757046,0.03264796594470569,-0.3191132499569479,-0.733074823849852,-0.9861958877178616,-0.3197614376704612,1.0023376918538471,0.453786904539625,0.06999999999999984,0.10000000000000009,-0.33000000000000007,-0.2799999999999998,0.21,0.24,2.27,3.9,2.0023809043401064,2.45,2.5912536810940523,25.42,0.5665768764628432,1.51,1.71,2.51,3.02,0.99,3,Moderate Expansion,3,Moderate Expansion,0.2522,Moderate Expansion,2014-09-01
2019-01-01,-0.9132155541353817,-0.8436372159244859,-0.059638868774175735,-0.6027591729126311,-0.41575927794516526,-0.6345702007652989,0.05000027383118975,-0.24166057327120935,0.30677122795140477,0.1299999999999999,0.10000000000000009,-0.07999999999999963,-0.029999999999999805,0.18,0.22,2.4,4.0,1.4875893578291333,2.38,1.9116422323518512,16.57,2.4972723297864263,1.7,1.85,2.43,2.99,0.997,3,Moderate Expansion,3,Moderate Expansion,0.2533,Moderate Expansion,2014-09-01
2019-02-01,-0.8822864177930979,-0.798619221478142,-0.2705802052744749,-0.5855284595217897,-0.18194782306802737,-0.38340899579918336,0.05000027383118975,-0.5693335192138831,0.13202596016343346,0.0,-0.20000000000000018,0.08999999999999986,0.09999999999999964,0.21,0.28,2.4,3.8,1.5188615351321877,2.22,1.1096417703535089,14.78,2.4972723297864263,1.84,1.95,2.52,3.09,0.997,3,Moderate Expansion,3,Moderate Expansion,0.2275,Moderate Expansion,2014-09-01
2019-03-01,-0.9544544025917598,-1.00120019648669,-0.21784487114940054,-0.3847884717737762,-0.28215273230108645,-0.5592218392754646,0.05000027383118975,-0.7834600918425075,0.0322573964854664,0.010000000000000231,0.0,-0.29000000000000004,-0.2799999999999998,0.14,0.01,2.41,3.8,1.8831863513063984,2.26,0.6545559146318158,13.71,2.4972723297864263,1.78,1.88,2.23,2.81,0.996,3,Moderate Expansion,3,Moderate Expansion,0.1447,Moderate Expansion,2014-09-01
2019-04-01,-0.8513572814508141,-0.9486792029659551,-0.37605087352462474,-0.32010362143159216,-0.1652470048625175,-0.38340899579918336,0.21150898322974745,-0.9082943660435225,-0.3398014919675136,0.009999999999999787,-0.09999999999999964,0.04999999999999982,0.1200000000000001,0.24,0.08,2.42,3.7,2.000583470209061,2.14,-1.0247462328067725,13.12,3.3405833628341597,1.85,1.95,2.28,2.93,0.996,3,Moderate Expansion,3,Moderate Expansion,0.1117,Moderate Expansion,2014-09-01
2019-05-01,-0.9029058420212871,-1.1662661761232844,-0.07282270230544417,-0.43287672003759325,-0.616169096411283,-0.9108475262280268,0.21150898322974745,0.10883408727877461,-0.11427307982749033,-0.029999999999999805,-0.10000000000000009,-0.34999999999999987,-0.3500000000000001,0.19,-0.21,2.39,3.6,1.7959105553606136,2.37,-0.010156011968476264,18.71,3.3405833628341597,1.58,1.74,1.93,2.58,0.994,3,Moderate Expansion,3,Moderate Expansion,0.116,Moderate Expansion,2014-09-01
2019-06-01,-0.8410475693367195,-1.0987391844537684,-0.15192570349305656,-0.5015940270772686,-0.6996731874388323,-1.0364281287110848,0.21150898322974745,-0.5119014913583267,-0.2755931326870156,-0.010000000000000231,0.0,-0.16999999999999993,-0.06000000000000005,0.25,-0.12,2.38,3.6,1.671194894390049,2.31,-0.7369328862962377,15.08,3.3405833628341597,1.53,1.69,1.76,2.52,0.996,3,Moderate Expansion,3,Moderate Expansion,0.0923,Moderate Expansion,2014-09-01
2019-07-01,-0.9647641147058544,-1.0537211900074246,-0.38923470705589375,-0.41611511976105203,-0.6495707328223028,-0.8606152852348036,0.4680319544237841,-0.3207827829561892,-0.4187397399555436,0.020000000000000018,0.10000000000000009,0.08000000000000007,0.009999999999999787,0.13,-0.06,2.4,3.7,1.826331335037068,2.13,-1.3774541767684445,16.12,4.680007426364252,1.56,1.76,1.84,2.53,0.994,3,Moderate Expansion,3,Moderate Expansion,0.0945,Moderate Expansion,2014-09-01
2019-08-01,-1.0987903721890842,-1.376350150206223,-0.21784487114940054,-0.46498265139517536,-1.0002879151380093,-1.3880538156636468,0.4680319544237841,0.15032521092230305,-0.4102711544291502,-0.27,-0.10000000000000009,-0.4500000000000002,-0.5699999999999998,0.0,-0.49,2.13,3.6,1.7376412106666406,2.26,-1.3396749291328724,18.98,4.680007426364252,1.35,1.55,1.39,1.96,0.988,3,Moderate Expansion,3,Moderate Expansion,0.0944,Moderate Expansion,2014-09-01
2019-09-01,-1.047241811618611,-1.1587631770488938,-0.29694787233701236,-0.494264287988897,-1.0002879151380093,-1.4382860566568703,0.4680319544237841,-0.2994819940591092,-0.499599427702523,-0.08999999999999986,-0.10000000000000009,0.16000000000000014,0.16000000000000014,0.05,-0.2,2.04,3.5,1.6844977040391562,2.2,-1.7374573008364869,16.24,4.680007426364252,1.35,1.53,1.55,2.12,0.994,3,Moderate Expansion,3,Moderate Expansion,0.0957,Moderate Expansion,2014-09-01
2019-10-01,-0.9235252662494761,-0.8961582094452206,-0.3233155393995498,-0.4670034199241339,-0.849980551288421,-1.4131699361602585,0.09409506954145899,-0.8867731013874897,-0.6626582811809305,-0.20999999999999996,0.10000000000000009,-0.040000000000000036,0.04999999999999982,0.17,0.15,1.83,3.6,1.7339736996186295,2.18,-2.4594751580988228,13.22,2.7275114782566945,1.44,1.54,1.51,2.17,0.996,3,Moderate Expansion,3,Moderate Expansion,0.0889,Moderate Expansion,2014-09-01
2019-11-01,-0.9235252662494761,-0.8661462131476579,-0.4551538747122371,-0.2695738575666453,-0.7497756420553618,-1.2373570926839772,0.09409506954145899,-1.0182396024762732,-0.5694958907218184,-0.28,0.0,0.1100000000000001,0.040000000000000036,0.17,0.19,1.55,3.6,2.092290394862917,2.08,-2.047601522464615,12.62,2.7275114782566945,1.5,1.61,1.62,2.21,0.996,3,Moderate Expansion,3,Moderate Expansion,0.0838,Moderate Expansion,2014-09-01
2019-12-01,-0.7482601603098682,-0.731092229808626,-0.5869922100249245,-0.1443680915955409,-0.44916091435618494,-0.8354991647381919,0.09409506954145899,-0.7689827138105196,-0.626354815405178,0.0,0.0,0.06999999999999984,0.18000000000000016,0.34,0.37,1.55,3.6,2.3195274699624457,1.98,-2.2991807373363926,13.78,2.7275114782566945,1.68,1.77,1.69,2.39,0.997,3,Moderate Expansion,3,Moderate Expansion,0.0989,Moderate Expansion,2014-09-01
2020-01-01,-0.9132155541353817,-1.0387151918586432,-0.38923470705589375,0.01004213087813669,-0.5827674600002634,-1.1368926106975312,-1.436664597718939,0.12888177368202647,-0.624363110188358,0.0,0.0,-0.3699999999999999,-0.40000000000000013,0.18,-0.04,1.55,3.6,2.599767976845202,2.13,-2.290379015513233,18.84,-5.265286688185089,1.6,1.65,1.32,1.99,0.995,3,Moderate Expansion,3,Moderate Expansion,0.0989,Moderate Expansion,2014-09-01
2020-02-01,-0.8204281451085303,-1.1137451826025497,-0.059638868774175735,-0.13236241557919176,-1.033689551549029,-1.7396795026162095,-1.436664597718939,2.3506357848633375,-0.42900329483425265,0.030000000000000027,-0.10000000000000009,-0.43000000000000005,-0.3400000000000001,0.27,-0.14,1.58,3.5,2.3413166797595197,2.38,-1.4232217750208775,40.11,-5.265286688185089,1.33,1.41,0.89,1.65,0.983,3,Moderate Expansion,3,Moderate Expansion,0.1342,Moderate Expansion,2014-09-01
2020-03-01,-0.6142339028266387,-0.5660262501720316,1.9838553285724765,-0.5992049416206118,-2.4365582808118553,-3.0959500094332353,-1.436664597718939,3.2126918099707953,-1.3194791692944363,-0.93,0.9000000000000004,-0.52,-0.2999999999999998,0.47,0.59,0.65,4.4,1.4940399642909163,3.93,-5.315054964389065,53.54,-5.265286688185089,0.49,0.87,0.37,1.35,0.954,3,Moderate Expansion,3,Moderate Expansion,0.7387,Moderate Expansion,2014-09-01
2020-04-01,-0.6451630391689225,-0.5960382464695941,1.0609869813836657,-1.2499222236491772,-2.052439462085129,-2.5936275995010036,-6.462434887373841,1.8729944944418184,-4.3133523663977416,-0.6,10.4,-0.010000000000000009,-0.07000000000000006,0.44,0.55,0.05,14.8,0.3130472940411133,3.23,-17.318282261376304,34.15,-31.507137982845546,0.72,1.07,0.36,1.28,0.963,3,Moderate Expansion,3,Moderate Expansion,0.7858,Moderate Expansion,2014-09-01
2020-05-01,-0.5936144785984495,-0.6260502427671568,0.863229478414635,-1.3132014231261457,-1.8687304618245206,-2.3926986355281112,-6.462434887373841,1.234510964917442,-3.9767784695472406,0.0,-1.6000000000000014,-0.06,0.1299999999999999,0.49,0.51,0.05,13.2,0.1982013035848551,3.08,-16.047738104539413,27.51,-31.507137982845546,0.83,1.15,0.3,1.41,0.969,3,Moderate Expansion,3,Moderate Expansion,0.7533,Moderate Expansion,2014-09-01
2020-06-01,-0.5833047664843549,-0.6335532418415475,0.6654719754456043,-1.0275369785644775,-1.3176034610426963,-1.9154923460924904,-6.462434887373841,1.5318663805441834,-2.585071313272796,0.03,-2.1999999999999993,-0.010000000000000009,0.0,0.5,0.5,0.08,11.0,0.7166562831830481,2.93,-10.586064673581452,30.43,-31.507137982845546,1.16,1.34,0.29,1.41,0.969,3,Moderate Expansion,3,Moderate Expansion,0.6408,Moderate Expansion,2014-09-01
2020-07-01,-0.6451630391689225,-0.6635652381391101,0.2304054689137364,-0.8731444029675849,-0.9167838241104603,-1.3880538156636468,5.518174357163547,0.8894655742018495,-1.6649242568979592,0.009999999999999995,-0.8000000000000007,-0.07999999999999999,-0.20999999999999996,0.44,0.46,0.09,10.2,0.9968647625897997,2.6,-6.783544959427434,24.46,31.049116699493418,1.4,1.55,0.21,1.2,0.985,3,Moderate Expansion,3,Moderate Expansion,0.5422,Moderate Expansion,2014-09-01
2020-08-01,-0.5008270695715983,-0.5510202520232502,0.32269230363261725,-0.7165497293631602,-0.4324600961506751,-0.760150803248357,5.518174357163547,1.1145203221547986,-1.6006997355308161,0.010000000000000009,-1.799999999999999,0.07000000000000003,0.29000000000000004,0.58,0.61,0.1,8.4,1.2810698495523853,2.67,-6.512241935326724,26.41,31.049116699493418,1.69,1.8,0.28,1.49,0.969,3,Moderate Expansion,3,Moderate Expansion,0.4829,Moderate Expansion,2014-09-01
2020-09-01,-0.5214464937997874,-0.5660262501720316,0.4281629718827671,-0.6559665045571161,-0.7497756420553618,-1.1871248516907544,5.518174357163547,1.1100667973835425,-1.5230307823970999,-0.010000000000000009,-0.6000000000000005,0.0,-0.030000000000000027,0.56,0.59,0.09,7.8,1.3910228912373812,2.75,-6.183101854793705,26.37,31.049116699493418,1.5,1.63,0.28,1.46,0.968,3,Moderate Expansion,3,Moderate Expansion,0.2467,Moderate Expansion,2014-09-01
2020-10-01,-0.33587167574608495,-0.41596626868421827,0.24358930244500482,-0.7444759261505702,-0.5994682782057732,-1.0113120082144733,0.44008057206680956,2.1915191856694998,-1.1584418364922748,0.0,-0.8999999999999995,0.09999999999999998,0.18999999999999995,0.74,0.79,0.09,6.9,1.2303863428671624,2.61,-4.622683457542831,38.02,4.5340604417195784,1.59,1.7,0.38,1.65,0.977,3,Moderate Expansion,3,Moderate Expansion,0.1931,Moderate Expansion,2014-09-01
2020-11-01,-0.3977299484306524,-0.4384752659073903,-0.17829337055559405,-0.7745827404118529,-0.44916091435618494,-0.8354991647381919,0.44008057206680956,0.38383444130548394,-1.1910595118500487,0.0,-0.20000000000000018,-0.020000000000000018,-0.06999999999999984,0.68,0.76,0.09,6.7,1.1757452138405844,2.29,-4.763324870606622,20.57,4.5340604417195784,1.68,1.77,0.36,1.58,0.991,3,Moderate Expansion,3,Moderate Expansion,0.2108,Moderate Expansion,2014-09-01
2020-12-01,-0.2740134030615174,-0.37845127331226497,-0.3233155393995498,-0.6948685974692335,0.0017611771925806071,-0.2829445138127369,0.44008057206680956,0.6774423319511448,-0.8497643236422368,0.0,0.0,0.0,0.06999999999999984,0.8,0.84,0.09,6.7,1.3204191315779434,2.18,-3.28150457766595,22.75,4.5340604417195784,1.95,1.99,0.36,1.65,0.988,3,Moderate Expansion,3,Moderate Expansion,0.2273,Moderate Expansion,2014-09-01
2021-01-01,-0.0678191607796258,-0.22088829275006105,-0.33649937293081883,-0.6654320905815324,0.43598245053583634,0.0686811731398252,0.6410216289729994,1.7796156340632137,-0.5880087763327146,0.0,-0.2999999999999998,0.09000000000000002,0.2200000000000002,1.0,1.05,0.09,6.4,1.3738437137002402,2.17,-2.1295843569181794,33.09,5.583265843163865,2.21,2.13,0.45,1.87,0.893,3,Moderate Expansion,3,Moderate Expansion,0.2611,Moderate Expansion,2014-09-01
2021-02-01,0.24147220264321173,0.04171667485361198,-0.4024185405871622,-0.5023533572682655,0.7365971782350136,0.11891341413304844,0.6410216289729994,1.2812157497187486,-1.4049658897552735,-0.009999999999999995,-0.20000000000000018,0.3,0.2999999999999998,1.3,1.4,0.08,6.2,1.6698167791706853,2.12,-5.680577271180343,27.95,5.583265843163865,2.39,2.15,0.75,2.17,0.66,3,Moderate Expansion,3,Moderate Expansion,0.2628,Moderate Expansion,2014-09-01
2021-03-01,0.5301441418378601,0.27430964615972253,-0.5210730423685811,0.047537566817285416,0.987109451317661,0.671468065058504,0.6410216289729994,0.21376540012602419,0.1088665953476583,-0.009999999999999995,-0.10000000000000053,0.17000000000000004,0.2400000000000002,1.58,1.71,0.07,6.1,2.6678187820641908,2.03,1.0038210492383515,19.4,5.583265843163865,2.54,2.37,0.92,2.41,0.482,0,Early Recovery,3,Moderate Expansion,0.203,Moderate Expansion,2014-09-01
2021-04-01,0.43735673281100873,0.22178865263898784,-0.613359877087462,0.8548828993760813,1.0372119059341902,0.7719325470449505,0.8754962033672127,0.09332260650547944,3.2776547720011484,0.0,0.0,-0.06000000000000005,-0.11000000000000032,1.49,1.64,0.07,6.1,4.133077115360573,1.96,16.55213518144698,18.61,6.807565116510528,2.57,2.41,0.86,2.3,0.678,4,Inflation Shock,3,Moderate Expansion,0.1171,Moderate Expansion,2014-09-01
2021-05-01,0.38580817224053576,0.16926765911825334,-0.5738083764936558,1.2875106298649837,1.0372119059341902,0.7970486675415616,0.8754962033672127,-0.20886010967050633,3.1100588857952154,-0.010000000000000009,-0.2999999999999998,-0.06999999999999995,-0.040000000000000036,1.44,1.57,0.06,5.8,4.918257089467626,1.99,15.673379835366053,16.76,6.807565116510528,2.57,2.42,0.79,2.26,0.875,4,Inflation Shock,4,Inflation Shock,0.0944,Moderate Expansion,2021-05-01
2021-06-01,0.1383750815022658,0.04171667485361198,-0.7320143788688802,1.4954414544550494,0.8702037238790924,0.5458874625754454,0.8754962033672127,-0.37288240996441996,1.7860868587241254,0.020000000000000004,0.10000000000000053,0.07999999999999996,-0.19999999999999973,1.2,1.4,0.08,5.9,5.295632620349999,1.87,8.958396565691418,15.83,6.807565116510528,2.47,2.32,0.87,2.06,0.793,1,Late-Cycle Expansion,4,Inflation Shock,0.1091,Inflation Shock,2021-05-01
2021-07-01,-0.01627060020915284,-0.12334930478298255,-0.6265437106187307,1.467636623334447,1.0205110877286807,0.7468164265483384,0.20377706624373124,0.03523417314888495,1.07228223957985,0.020000000000000004,-0.5,-0.18000000000000005,-0.17000000000000015,1.05,1.18,0.1,5.4,5.245169381309234,1.95,5.4998863464161385,18.24,3.3002114787097803,2.56,2.4,0.69,1.89,0.904,4,Inflation Shock,4,Inflation Shock,0.0841,Inflation Shock,2021-05-01
2021-08-01,0.03527796036132012,-0.0633253121878572,-0.6397275441499994,1.4163094890015762,0.8869045420846019,0.5710035830720576,0.20377706624373124,-0.25732163759477755,0.8109705815032084,-0.010000000000000009,-0.3000000000000007,0.08000000000000007,0.030000000000000027,1.1,1.26,0.09,5.1,5.152015301793966,1.94,4.261168528131454,16.48,3.3002114787097803,2.48,2.33,0.77,1.92,0.9,4,Inflation Shock,1,Late-Cycle Expansion,0.0535,Inflation Shock,2021-08-01
2021-09-01,0.17961392995864417,0.10174066744873732,-0.7583820459314177,1.5260672157035853,0.9370069967011311,0.671468065058504,0.20377706624373124,0.7271124511973333,0.5444281747899861,-0.009999999999999995,-0.39999999999999947,0.20999999999999996,0.16000000000000014,1.24,1.48,0.08,4.7,5.351215590949132,1.85,3.0124970172007215,23.14,3.3002114787097803,2.51,2.37,0.98,2.08,0.725,1,Late-Cycle Expansion,1,Late-Cycle Expansion,0.0547,Late-Cycle Expansion,2021-08-01
2021-10-01,0.004348824019036343,0.11674666559751866,-0.9693233824317175,2.013048538402813,1.5716380885105052,1.0230937520110654,0.8861169014252114,-0.29594628288607344,0.6623036350029751,0.0,-0.20000000000000018,0.19999999999999996,-0.15000000000000013,1.07,1.5,0.08,4.5,6.235042390298062,1.69,3.5628709708763973,16.26,6.863020651288387,2.89,2.51,1.18,1.93,0.746,1,Late-Cycle Expansion,1,Late-Cycle Expansion,0.1074,Late-Cycle Expansion,2021-08-01
2021-11-01,-0.160606569806477,0.026710676704830644,-0.8111173800564926,2.38052040772304,1.4213307246609164,0.9979776315144545,0.8861169014252114,1.2000888648976542,0.7336791461296547,0.0,-0.40000000000000036,-0.040000000000000036,-0.1499999999999999,0.91,1.38,0.08,4.1,6.901970403700863,1.81,3.897545981936834,27.19,6.863020651288387,2.8,2.5,1.14,1.78,0.758,1,Late-Cycle Expansion,1,Late-Cycle Expansion,0.0956,Late-Cycle Expansion,2021-08-01
2021-12-01,-0.284323115175612,0.08673466929995599,-0.7583820459314177,2.53059398004299,1.5382364520994856,1.1486743544941243,0.8861169014252114,-0.13087958223360902,0.37930219963363565,0.0,-0.19999999999999973,0.1200000000000001,0.11999999999999988,0.79,1.46,0.08,3.9,7.174340285065539,1.85,2.2463731281071153,17.22,6.863020651288387,2.87,2.56,1.26,1.9,0.57,4,Inflation Shock,1,Late-Cycle Expansion,0.0952,Late-Cycle Expansion,2021-08-01
2022-01-01,-0.46989793322931456,0.16926765911825334,-0.6529113776812682,2.742431287496942,1.454732361071936,0.8472809085347848,-0.6234641994692883,0.9334645320950707,0.17758534739899087,0.0,0.10000000000000009,0.3600000000000001,0.20999999999999996,0.61,1.57,0.08,4.0,7.558805726967832,1.93,1.3181341030033655,24.83,-1.0191945085340937,2.82,2.44,1.62,2.11,0.974,4,Inflation Shock,4,Inflation Shock,0.0912,Late-Cycle Expansion,2022-01-01
2022-02-01,-0.6967115997393953,0.10174066744873732,-0.11237420289925067,2.950966830367809,1.9390560890317212,1.2993710774737939,-0.6234641994692883,1.5045771555317105,1.0575351795721126,0.0,-0.10000000000000009,0.08999999999999986,0.06000000000000005,0.39,1.48,0.08,3.9,7.937278766517819,2.34,5.429593086433182,30.15,-1.0191945085340937,3.11,2.62,1.71,2.17,0.974,4,Inflation Shock,4,Inflation Shock,0.224,Inflation Shock,2022-01-01
2022-03-01,-1.0575515237327058,0.3418366378292385,-0.6529113776812682,3.3008059625085657,2.3231749077584474,1.8519257283992483,-0.6234641994692883,0.38242032092534156,0.5534268227591832,0.12000000000000001,-0.19999999999999973,0.71,0.27,0.04,1.8,0.2,3.7,8.572204966013853,1.93,3.0544104015221674,20.56,-1.0191945085340937,3.34,2.84,2.42,2.44,0.983,4,Inflation Shock,4,Inflation Shock,0.222,Inflation Shock,2022-01-01
2022-04-01,-0.9029058420212871,0.5219086156146143,-0.49470537530604364,3.113218491256317,2.256371634936408,1.9523902103856947,-0.30834487052743514,1.8072216239828738,0.525294947533478,0.13,0.0,0.5,0.52,0.19,2.04,0.33,3.7,8.231750770777225,2.05,2.923435475508507,33.4,0.6261880086865901,3.3,2.88,2.92,2.96,0.971,4,Inflation Shock,4,Inflation Shock,0.1924,Inflation Shock,2022-01-01
2022-05-01,-0.7688795845380574,0.2593036480109412,-0.3233155393995498,3.2820536339705484,1.688543815949074,1.349603318467017,-0.30834487052743514,1.0899450565605884,0.30663830858565433,0.44,-0.10000000000000009,-0.10999999999999988,0.10999999999999988,0.32,1.69,0.77,3.6,8.538171195642065,2.18,1.9110298059100916,26.19,0.6261880086865901,2.96,2.64,2.81,3.07,0.978,4,Inflation Shock,4,Inflation Shock,0.1842,Inflation Shock,2022-01-01
2022-06-01,-1.0369320995045166,-0.0633253121878572,-0.15192570349305656,3.525145657041708,1.0539127241397004,0.5710035830720576,-0.30834487052743514,1.3602402334157833,0.15653726230803658,0.43999999999999995,0.0,0.19999999999999973,0.07000000000000028,0.06,1.26,1.21,3.6,8.979361103105798,2.31,1.2217594016755706,28.71,0.6261880086865901,2.58,2.33,3.01,3.14,0.982,4,Inflation Shock,4,Inflation Shock,0.1817,Inflation Shock,2022-01-01
2022-07-01,-1.3256040386991648,-0.8136252196269232,-0.08600653583671321,3.2404017017145548,1.3044249972223478,1.0733259930042889,0.1247544606067028,0.4894330743850783,0.10116610353937035,0.47,-0.10000000000000009,-0.3099999999999996,-0.14000000000000012,-0.22,0.26,1.68,3.5,8.462576727730099,2.36,0.968659945597028,21.33,2.887598218149101,2.73,2.53,2.7,3.0,0.991,4,Inflation Shock,4,Inflation Shock,0.1749,Inflation Shock,2022-01-01
2022-08-01,-1.4080817356119215,-0.8661462131476579,-0.3233155393995498,3.108165018925949,1.0539127241397004,0.9477453905212312,0.1247544606067028,1.0538419277313216,0.11944445219850919,0.6500000000000001,0.10000000000000009,0.5999999999999996,0.27,-0.3,0.19,2.33,3.6,8.222579178218826,2.18,1.0521402147261716,25.87,2.887598218149101,2.58,2.48,3.3,3.27,0.991,4,Inflation Shock,4,Inflation Shock,0.1599,Inflation Shock,2022-01-01
2022-09-01,-1.500869144638773,-0.6335532418415475,-0.24421253821193742,3.091375041405294,0.31907672309726776,0.11891341413304844,0.1247544606067028,1.6451960540361272,0.42590480153069354,0.22999999999999998,-0.10000000000000009,0.7599999999999998,0.52,-0.39,0.5,2.56,3.5,8.192106896425821,2.24,2.462018715752601,31.62,2.887598218149101,2.14,2.15,4.06,3.79,0.963,4,Inflation Shock,4,Inflation Shock,0.1097,Inflation Shock,2022-01-01
2022-10-01,-1.521488568866962,-1.0987391844537684,-0.19147720408686306,2.8526341833822273,1.2042200879892886,1.0482098725076776,0.10050134015023054,1.0549766442263215,0.12221907927741944,0.52,0.10000000000000009,0.20999999999999996,0.4299999999999997,-0.41,-0.12,3.08,3.6,7.758813957693,2.28,1.0648183730078253,25.88,2.7609615547583566,2.67,2.52,4.27,4.22,0.991,4,Inflation Shock,4,Inflation Shock,0.0722,Inflation Shock,2022-01-01
2022-11-01,-1.8204702201757048,-1.526410131694036,-0.3628670399933563,2.5022268124775984,0.7699988146460333,0.5961197035686686,0.10050134015023054,0.3852479062416241,-0.09234729897632747,0.6999999999999997,0.0,-0.44999999999999973,-0.41999999999999993,-0.7,-0.69,3.78,3.6,7.122856456533988,2.15,0.08902953837490735,20.58,2.7609615547583566,2.41,2.34,3.82,3.8,0.992,4,Inflation Shock,4,Inflation Shock,0.0794,Inflation Shock,2022-01-01
2022-12-01,-1.645205114236097,-1.413865145578176,-0.5738083764936558,2.1064736133695527,0.6363922690019546,0.49565522158222214,0.10050134015023054,0.5355160484288137,-0.29000589338922983,0.31999999999999984,-0.10000000000000009,0.17000000000000037,0.17000000000000037,-0.53,-0.54,4.1,3.5,6.404600402357152,1.99,-0.8016099812473643,21.67,2.7609615547583566,2.33,2.3,3.99,3.97,0.991,4,Inflation Shock,4,Inflation Shock,0.127,Inflation Shock,2022-01-01
2023-01-01,-1.81016050806161,-1.8940570863391784,-0.6924628782750744,2.0638147896075685,0.5361873597688954,0.34495849860255356,0.12624932408621342,0.21376540012602419,-0.04163535383685631,0.23000000000000043,0.0,-0.3600000000000003,-0.3200000000000003,-0.69,-1.18,4.33,3.5,6.327178517960097,1.9,0.3188082918103907,19.4,2.89540358585878,2.27,2.24,3.63,3.65,0.99,4,Inflation Shock,4,Inflation Shock,0.1481,Inflation Shock,2022-01-01
2023-02-01,-2.016354750343502,-1.728991106702584,-0.6924628782750744,1.8603016801386536,1.0539127241397004,0.8221647880381737,0.12624932408621342,0.4021585810642999,-0.14820938886110202,0.2400000000000002,0.10000000000000009,0.5499999999999998,0.28000000000000025,-0.89,-0.96,4.57,3.6,5.957820738137087,1.9,-0.1634816837026265,20.7,2.89540358585878,2.58,2.43,4.18,3.93,0.964,4,Inflation Shock,4,Inflation Shock,0.1693,Inflation Shock,2022-01-01
2023-03-01,-1.69675367480657,-2.036614068752601,-0.41560237411843126,1.287214346927835,0.7532979964405231,0.5458874625754454,0.12624932408621342,0.10728648483747648,-0.19291810365625123,0.08000000000000007,-0.10000000000000009,-0.5799999999999996,-0.26000000000000023,-0.58,-1.37,4.65,3.5,4.917719362889961,2.11,-0.36512224493961964,18.7,2.89540358585878,2.4,2.32,3.6,3.67,0.988,4,Inflation Shock,4,Inflation Shock,0.1516,Inflation Shock,2022-01-01
2023-04-01,-1.717373099034759,-2.2542010419099303,-0.4551538747122371,1.305044726149953,0.41928163233032684,0.19426177562288385,0.052722789950662055,-0.38195575954726635,-0.15283124944989726,0.17999999999999972,-0.10000000000000009,-0.0900000000000003,0.0,-0.6,-1.66,4.83,3.4,4.950079879124369,2.08,-0.1843454258675048,15.78,2.5114878348805547,2.2,2.18,3.51,3.67,0.982,4,Inflation Shock,4,Inflation Shock,0.108,Inflation Shock,2022-01-01
2023-05-01,-1.8823284928602724,-2.4192670215465246,-0.3496832064620873,0.8542074473527669,0.20217099565869842,0.19426177562288385,0.052722789950662055,-0.01269060382000414,-0.2005653637728173,0.22999999999999954,0.20000000000000018,0.23000000000000043,0.18000000000000016,-0.76,-1.88,5.06,3.6,4.131851231385042,2.16,-0.39957171123073953,17.94,2.5114878348805547,2.07,2.18,3.74,3.85,0.971,4,Inflation Shock,4,Inflation Shock,0.1104,Inflation Shock,2022-01-01
2023-06-01,-2.19161985628311,-2.2241890456123676,-0.7188305453376118,0.269476123833198,0.38587999591930716,0.2947262576093303,0.052722789950662055,-0.8084394851202014,-0.30957212435006987,0.020000000000000462,0.0,0.3899999999999997,0.0,-1.06,-1.62,5.08,3.6,3.070617072997095,1.88,-0.8893464531073647,13.59,2.5114878348805547,2.18,2.22,4.13,3.85,0.909,4,Inflation Shock,4,Inflation Shock,0.1252,Inflation Shock,2022-01-01
2023-07-01,-2.036974174571691,-2.194177049314805,-0.8638527141815676,0.3891141839254772,0.5361873597688954,0.671468065058504,0.4554716187627539,-0.8000902655444607,-0.18123701982441268,0.040000000000000036,-0.10000000000000009,0.04999999999999982,0.16999999999999948,-0.91,-1.58,5.12,3.5,3.287749268428297,1.77,-0.31247838929887584,13.63,4.614424154222618,2.27,2.37,4.18,4.02,0.935,1,Late-Cycle Expansion,4,Inflation Shock,0.1547,Inflation Shock,2022-01-01
2023-08-01,-1.8823284928602724,-2.111644059496508,-0.7847497129939551,0.628660920546912,0.3357775413027772,0.34495849860255356,0.4554716187627539,-0.8126226826830517,-0.16831571256141223,0.20999999999999996,0.20000000000000018,0.05000000000000071,0.1800000000000006,-0.76,-1.47,5.33,3.7,3.722504803505289,1.83,-0.25421306219911566,13.57,4.614424154222618,2.15,2.24,4.23,4.2,0.511,4,Inflation Shock,1,Late-Cycle Expansion,0.1646,Inflation Shock,2023-08-01
2023-09-01,-1.5524177052092456,-1.728991106702584,-0.8506688806502989,0.6092119207188812,0.45268326874134657,0.6212358240652808,0.4554716187627539,-0.08107634340478238,-0.17120571043667301,0.0,0.0,0.3699999999999992,0.5300000000000002,-0.44,-0.96,5.33,3.7,3.687206638119256,1.78,-0.2672476942852109,17.52,4.614424154222618,2.22,2.35,4.6,4.73,0.833,1,Late-Cycle Expansion,1,Late-Cycle Expansion,0.1643,Late-Cycle Expansion,2023-08-01
2023-10-01,-1.294674902356881,-1.5414161298428175,-0.7583820459314177,0.3690121523683741,0.7532979964405231,0.7970486675415616,0.21833566259756612,0.019342784685940032,-0.28391868820800814,0.0,0.19999999999999973,0.22000000000000064,0.3099999999999996,-0.19,-0.71,5.33,3.9,3.2512659098611785,1.85,-0.7742988102069082,18.14,3.3762285862490415,2.4,2.42,4.82,5.04,0.673,1,Late-Cycle Expansion,1,Late-Cycle Expansion,0.1441,Late-Cycle Expansion,2023-08-01
2023-11-01,-1.4699400082964889,-1.819027095595272,-0.9956910494942549,0.3040393997902751,0.3357775413027772,0.31984237810594135,0.21833566259756612,-0.9517979646447818,-0.1320354390182157,0.0,-0.19999999999999973,-0.5100000000000007,-0.5,-0.36,-1.08,5.33,3.7,3.1333462745911866,1.67,-0.09043615385835313,12.92,3.3762285862490415,2.15,2.23,4.31,4.54,0.502,4,Inflation Shock,1,Late-Cycle Expansion,0.0747,Late-Cycle Expansion,2023-08-01
2023-12-01,-1.4596302961823946,-2.149159054868461,-1.074794050681867,0.40463048465323387,0.285675086686248,0.14402953462966062,0.21833566259756612,-1.0565425509898192,0.07267206723547488,0.0,0.09999999999999964,-0.46999999999999975,-0.5099999999999998,-0.35,-1.52,5.33,3.8,3.3159099427102934,1.61,0.8386591076755323,12.45,3.3762285862490415,2.12,2.16,3.84,4.03,0.616,3,Moderate Expansion,1,Late-Cycle Expansion,0.0935,Late-Cycle Expansion,2023-08-01
2024-01-01,-1.3874623113837323,-2.081632063198945,-1.074794050681867,0.27924295688581513,0.48608490515236624,0.39519073959577566,-0.26750238178505087,-0.653586017968776,-0.3960621566412751,0.0,-0.09999999999999964,0.07000000000000028,0.1899999999999995,-0.28,-1.43,5.33,3.7,3.0883429864855705,1.61,-1.2762549126908995,14.35,0.8394453711027872,2.24,2.26,3.91,4.22,0.495,1,Late-Cycle Expansion,1,Late-Cycle Expansion,0.1088,Late-Cycle Expansion,2023-08-01
2024-02-01,-1.500869144638773,-1.9090630844879597,-1.1538970518694793,0.3171132600681144,0.7532979964405231,0.5710035830720576,-0.26750238178505087,-0.8484134692515071,-0.1905221815269349,0.0,0.19999999999999973,0.34999999999999964,0.16000000000000014,-0.39,-1.2,5.33,3.9,3.157074141648697,1.55,-0.3543266402759926,13.4,0.8394453711027872,2.4,2.33,4.26,4.38,0.936,1,Late-Cycle Expansion,1,Late-Cycle Expansion,0.1146,Late-Cycle Expansion,2023-08-01
2024-03-01,-1.500869144638773,-1.9540810789343037,-1.219816219525823,0.4988087418967152,0.7198963600295034,0.5458874625754454,-0.26750238178505087,-0.93214450964898,-0.23561494015868945,0.0,0.0,-0.04999999999999982,-0.040000000000000036,-0.39,-1.26,5.33,3.9,3.4868349120836584,1.5,-0.557312624665296,13.01,0.8394453711027872,2.38,2.32,4.21,4.34,0.942,1,Late-Cycle Expansion,1,Late-Cycle Expansion,0.1217,Late-Cycle Expansion,2023-08-01
2024-04-01,-1.4596302961823946,-1.5864341242891613,-1.2989192207134355,0.42936185289313933,0.803400451057053,0.7719325470449505,0.25007326732527696,-0.4056735919873726,-0.33362726437148743,0.0,0.0,0.5099999999999998,0.4500000000000002,-0.35,-0.77,5.33,3.9,3.3607951262196734,1.44,-0.9971062585799939,15.65,3.5419451740978047,2.43,2.41,4.72,4.79,0.897,1,Late-Cycle Expansion,1,Late-Cycle Expansion,0.0838,Late-Cycle Expansion,2023-08-01
2024-05-01,-1.490559432524678,-1.7214881076281932,-1.272551553650898,0.36516219308789305,0.653093087207464,0.6212358240652808,0.25007326732527696,-0.9517979646447818,-0.12640525426012642,0.0,0.0,-0.20000000000000018,-0.13999999999999968,-0.38,-0.95,5.33,3.9,3.244278584003113,1.46,-0.06499644303002983,12.92,3.5419451740978047,2.34,2.35,4.52,4.65,0.941,1,Late-Cycle Expansion,1,Late-Cycle Expansion,0.0736,Late-Cycle Expansion,2023-08-01
2024-06-01,-1.4596302961823946,-1.8490390918928348,-1.1538970518694793,0.21417906884810062,0.48608490515236624,0.44542298058899893,0.25007326732527696,-1.0588107181045172,0.05837107636968631,0.0,0.19999999999999973,-0.1899999999999995,-0.14000000000000057,-0.35,-1.12,5.33,4.1,2.9702579486470926,1.55,0.7734749239909133,12.44,3.5419451740978047,2.24,2.28,4.33,4.51,0.98,1,Late-Cycle Expansion,1,Late-Cycle Expansion,0.0637,Late-Cycle Expansion,2023-08-01
2024-07-01,-1.3049846144709756,-1.9990990733806477,-0.9825072159629862,0.19832033728938459,0.30237590489175753,0.34495849860255356,0.203566513581034,-0.27832895748784997,-0.31700021895354114,0.0,0.10000000000000053,-0.3599999999999999,-0.16000000000000014,-0.2,-1.32,5.33,4.2,2.9414757935583014,1.68,-0.9226344732312097,16.36,3.2991120867070123,2.13,2.24,3.97,4.35,0.74,1,Late-Cycle Expansion,1,Late-Cycle Expansion,0.0863,Late-Cycle Expansion,2023-08-01
2024-08-01,-1.0987903721890842,-1.9840930752318664,-0.9693233824317175,0.014106529550690123,0.10196608642563933,0.11891341413304844,0.203566513581034,-0.5271112512921665,-0.20177078440130167,0.0,0.0,-0.26000000000000023,-0.14999999999999947,0.0,-1.3,5.33,4.2,2.607144490692037,1.69,-0.4050008280501727,15.0,3.2991120867070123,2.01,2.15,3.71,4.2,0.855,3,Moderate Expansion,1,Late-Cycle Expansion,0.1088,Late-Cycle Expansion,2023-08-01
2024-09-01,-0.9441446904776652,-1.6989791104050214,-1.04842638361933,-0.08543645376077696,0.20217099565869842,0.19426177562288385,0.203566513581034,-0.21401573312186267,-0.37908849693798213,-0.20000000000000018,-0.10000000000000053,-0.1299999999999999,-0.0600000000000005,0.15,-0.92,5.13,4.1,2.4264830315416708,1.63,-1.2004422838397089,16.73,3.2991120867070123,2.07,2.18,3.58,4.14,0.746,1,Late-Cycle Expansion,1,Late-Cycle Expansion,0.1089,Late-Cycle Expansion,2023-08-01
2024-10-01,-0.975073826819949,-1.2788111622391443,-1.272551553650898,-0.0014867791904114747,0.7198963600295034,0.5710035830720576,-0.07597479222617667,0.7296379590395033,-0.33309780409397827,-0.2999999999999998,0.0,0.5700000000000003,0.33000000000000007,0.12,-0.36,4.83,4.1,2.578844053871343,1.46,-0.9947356843759692,23.16,1.8394987428962395,2.38,2.33,4.15,4.47,0.984,1,Late-Cycle Expansion,1,Late-Cycle Expansion,0.1042,Late-Cycle Expansion,2023-08-01
2024-11-01,-1.047241811618611,-1.308823158536707,-1.2989192207134355,0.0759983207202899,0.6363922690019546,0.39519073959577566,-0.07597479222617667,-0.8252068155821648,-0.45924197484499596,-0.1900000000000004,0.10000000000000053,-0.10000000000000053,-0.10999999999999943,0.05,-0.4,4.64,4.2,2.719472461284833,1.44,-1.5579409481489392,13.51,1.8394987428962395,2.33,2.26,4.05,4.36,0.901,1,Late-Cycle Expansion,1,Late-Cycle Expansion,0.1089,Late-Cycle Expansion,2023-08-01
2024-12-01,-0.7585698724239628,-0.8511402149988766,-1.325286887775973,0.15931847828099216,0.7198963600295034,0.5961197035686686,-0.07597479222617667,-0.1091982455753799,-0.17273547040740084,-0.15999999999999925,-0.10000000000000053,0.33000000000000007,0.41999999999999993,0.33,0.21,4.48,4.1,2.870690967509981,1.42,-0.2741466217243804,17.35,1.8394987428962395,2.38,2.34,4.38,4.78,0.986,1,Late-Cycle Expansion,1,Late-Cycle Expansion,0.1264,Late-Cycle Expansion,2023-08-01
2025-01-01,-0.7276407360816791,-0.8061222205525326,-1.2857353871821668,0.22559581697476755,0.987109451317661,0.7970486675415616,-0.5527696059120921,-0.26605710774764363,0.07494054202849273,-0.15000000000000036,-0.09999999999999964,-0.019999999999999574,0.04999999999999982,0.36,0.27,4.33,4.0,2.9909783078999608,1.45,0.849002693950851,16.43,-0.6500656179273978,2.54,2.42,4.36,4.83,0.989,1,Late-Cycle Expansion,1,Late-Cycle Expansion,0.1147,Late-Cycle Expansion,2023-08-01
2025-02-01,-0.8410475693367195,-1.068727188156206,-1.1275293848069419,0.1212408012967123,1.0539127241397004,0.696584185555115,-0.5527696059120921,0.24795521110650534,0.06682123063923188,0.0,0.20000000000000018,-0.33000000000000007,-0.3200000000000003,0.25,-0.08,4.33,4.2,2.8015834477613355,1.57,0.8119858403550007,19.63,-0.6500656179273978,2.58,2.38,4.03,4.51,0.99,1,Late-Cycle Expansion,1,Late-Cycle Expansion,0.0846,Late-Cycle Expansion,2023-08-01
2025-03-01,-0.7482601603098682,-1.0762301872305966,-0.8770365477128363,-0.10995645340467933,1.1040151787562296,0.696584185555115,-0.5527696059120921,0.616488197380485,0.01592387296586159,0.0,0.0,-0.07000000000000028,0.08000000000000007,0.34,-0.09,4.33,4.2,2.381981462805549,1.76,0.5802453773984029,22.28,-0.6500656179273978,2.61,2.38,3.96,4.59,0.988,1,Late-Cycle Expansion,1,Late-Cycle Expansion,0.1303,Late-Cycle Expansion,2023-08-01
2025-04-01,-0.5111367816856929,-1.1137451826025497,-0.613359877087462,-0.14113886070689646,0.5695889961799151,0.31984237810594135,0.29643075381478873,0.9180776734913515,0.08225296131141145,0.0,0.0,-0.23999999999999977,0.07000000000000028,0.57,-0.14,4.33,4.2,2.32538823025783,1.96,0.8823523543694645,24.7,3.7839988687037973,2.29,2.23,3.72,4.66,0.335,0,Early Recovery,1,Late-Cycle Expansion,0.2175,Late-Cycle Expansion,2023-08-01
2025-05-01,-0.5626853422561657,-0.9711882001891271,-0.7715658794626864,-0.11255512659601816,0.7365971782350136,0.5961197035686686,0.29643075381478873,0.08709585488804013,-0.08956495149637195,0.0,0.09999999999999964,0.23999999999999977,0.2599999999999998,0.52,0.05,4.33,4.3,2.3772651073680873,1.84,0.10162299356553106,18.57,3.7839988687037973,2.39,2.34,3.96,4.92,0.961,1,Late-Cycle Expansion,1,Late-Cycle Expansion,0.22,Late-Cycle Expansion,2023-08-01
2025-06-01,-0.5626853422561657,-1.1362541798257217,-0.8902203812441051,0.054499394460767826,0.6029906325909348,0.4705391010856111,0.29643075381478873,-0.21401573312186267,0.015720590466900178,0.0,-0.20000000000000018,-0.16999999999999993,-0.13999999999999968,0.52,-0.17,4.33,4.1,2.680453865910226,1.75,0.5793208714095943,16.73,3.7839988687037973,2.31,2.29,3.79,4.78,0.984,1,Late-Cycle Expansion,1,Late-Cycle Expansion,0.1843,Late-Cycle Expansion,2023-08-01
2025-07-01,-0.6554727512830171,-1.0387151918586432,-0.9956910494942549,0.08875135159785683,0.8535029056735822,0.7217003060517273,0.3962852251125326,-0.21573621302370655,0.3083173494242239,0.0,0.20000000000000018,0.16999999999999993,0.10999999999999943,0.43,-0.04,4.33,4.3,2.742618052167134,1.67,1.9187662602012212,16.72,4.305384852519278,2.46,2.39,3.96,4.89,0.986,1,Late-Cycle Expansion,1,Late-Cycle Expansion,0.1347,Late-Cycle Expansion,2023-08-01
2025-08-01,-0.4389687968870308,-1.0087031955610806,-0.8243012135877614,0.19673124908652462,0.8702037238790924,0.7719325470449505,0.3962852251125326,-0.45925689468554587,0.14930775744282498,0.0,0.0,-0.2799999999999998,0.03000000000000025,0.64,0.0,4.33,4.3,2.9385917430316155,1.8,1.1886779865559305,15.36,4.305384852519278,2.47,2.41,3.68,4.92,0.986,1,Late-Cycle Expansion,1,Late-Cycle Expansion,0.0981,Late-Cycle Expansion,2023-08-01
2025-09-01,-0.5214464937997874,-0.9036612085196113,-0.9956910494942549,0.24300345356409783,0.7866996328515428,0.6463519445618918,0.3962852251125326,-0.29241466634183144,0.29624846354110623,-0.11000000000000032,0.10000000000000053,0.06000000000000005,-0.1899999999999995,0.56,0.14,4.22,4.4,3.0225715847133294,1.67,1.8631698334008018,16.28,4.305384852519278,2.42,2.36,3.74,4.73,0.986,1,Late-Cycle Expansion,1,Late-Cycle Expansion,0.1109,Late-Cycle Expansion,2023-08-01
2025-11-01,-0.531756205913882,-0.9036612085196113,-0.8506688806502989,0.06330978127979868,0.5695889961799151,0.31984237810594135,-0.3360784169301367,-0.2800861171706507,0.27259862364299137,-0.33999999999999986,0.09999999999999964,-0.15000000000000036,-0.0600000000000005,0.55,0.14,3.88,4.5,2.6964439164939513,1.78,1.7543117556713783,16.35,0.48137844544982045,2.29,2.23,3.59,4.67,0.897,1,Late-Cycle Expansion,1,Late-Cycle Expansion,0.0697,Late-Cycle Expansion,2023-08-01
2025-12-01,-0.36680081208836873,-0.6260502427671568,-0.9297718818379113,0.03954010398177115,0.5194865415633853,0.3700746190991646,-0.3360784169301367,-0.5366560182237355,0.143693144016226,-0.1599999999999997,-0.09999999999999964,0.14000000000000012,0.16999999999999993,0.71,0.51,3.72,4.4,2.653304114557753,1.72,1.1629935222018384,14.95,0.48137844544982045,2.26,2.25,3.73,4.84,0.902,1,Late-Cycle Expansion,1,Late-Cycle Expansion,0.0549,Late-Cycle Expansion,2023-08-01
